PARENT_ID	ID	TITLE	CODE	DEFINITION
10391	10468	Military/U.S. Coast Guard Pharmacy	332000000X	http://codelists.wpc-edi.com/wpc_properties.asp?IndexID=10172
10391	10473	Non-Pharmacy Dispensing Site	332900000X	http://codelists.wpc-edi.com/wpc_properties.asp?IndexID=10183
10391	10478	Organ Procurement Organization	335U00000X	http://codelists.wpc-edi.com/wpc_properties.asp?IndexID=8191
10391	10483	Pharmacy	333600000X	http://codelists.wpc-edi.com/wpc_properties.asp?IndexID=8135
10391	11039	Portable X-Ray Supplier	335V00000X	http://codelists.wpc-edi.com/wpc_properties.asp?IndexID=8192
10391	11044	Prosthetic/Orthotic Supplier	335E00000X	http://codelists.wpc-edi.com/wpc_properties.asp?IndexID=8183
10407	10413	Customized Equipment	332BC3200X	http://codelists.wpc-edi.com/wpc_properties.asp?IndexID=7921
10407	10418	Dialysis Equipment & Supplies	332BD1200X	http://codelists.wpc-edi.com/wpc_properties.asp?IndexID=7922
10407	10423	Nursing Facility Supplies	332BN1400X	http://codelists.wpc-edi.com/wpc_properties.asp?IndexID=7923
10407	10428	Oxygen Equipment & Supplies	332BX2000X	http://codelists.wpc-edi.com/wpc_properties.asp?IndexID=7925
10407	10433	Parenteral & Enteral Nutrition	332BP3500X	http://codelists.wpc-edi.com/wpc_properties.asp?IndexID=7924
5363	5374	Independent Duty Medical Technicians	1710I1003X	http://codelists.wpc-edi.com/wpc_properties.asp?IndexID=10179
5399	5405	Graphics Designer	1744G0900X	http://codelists.wpc-edi.com/wpc_properties.asp?IndexID=7389
5399	5410	Prosthetics Case Management	1744P3200X	http://codelists.wpc-edi.com/wpc_properties.asp?IndexID=7390
5399	5415	Research Data Abstracter/Coder	1744R1103X	http://codelists.wpc-edi.com/wpc_properties.asp?IndexID=7392
5399	5420	Research Study	1744R1102X	http://codelists.wpc-edi.com/wpc_properties.asp?IndexID=7391
5425	5431	Medical Research	174MM1900X	http://codelists.wpc-edi.com/wpc_properties.asp?IndexID=7393
5436	5442	Pharmacist	183500000X	http://codelists.wpc-edi.com/wpc_properties.asp?IndexID=8063
5436	5489	Pharmacy Technician	183700000X	http://codelists.wpc-edi.com/wpc_properties.asp?IndexID=8064
5442	5448	General Practice	1835G0000X	http://codelists.wpc-edi.com/wpc_properties.asp?IndexID=7394
5442	5454	Geriatric	1835G0303X	http://codelists.wpc-edi.com/wpc_properties.asp?IndexID=10204
5442	5459	Nuclear	1835N0905X	http://codelists.wpc-edi.com/wpc_properties.asp?IndexID=7395
5442	5464	Nutrition Support	1835N1003X	http://codelists.wpc-edi.com/wpc_properties.asp?IndexID=7396
5442	5469	Oncology	1835X0200X	http://codelists.wpc-edi.com/wpc_properties.asp?IndexID=10210
5442	5474	Pharmacist Clinician (PhC)/ Clinical Pharmacy Specialist	1835P0018X	http://codelists.wpc-edi.com/wpc_properties.asp?IndexID=10256
5442	5479	Pharmacotherapy	1835P1200X	http://codelists.wpc-edi.com/wpc_properties.asp?IndexID=7397
5442	5484	Psychiatric	1835P1300X	http://codelists.wpc-edi.com/wpc_properties.asp?IndexID=7398
5494	5750	Advanced Practice Midwife	367A00000X	http://codelists.wpc-edi.com/wpc_properties.asp?IndexID=10033
5494	5755	Anesthesiologist Assistant	367H00000X	http://codelists.wpc-edi.com/wpc_properties.asp?IndexID=10086
5494	5760	Clinical Nurse Specialist	364S00000X	http://codelists.wpc-edi.com/wpc_properties.asp?IndexID=8116
4159	4170	Administrator	163WA2000X	http://codelists.wpc-edi.com/wpc_properties.asp?IndexID=7324
4159	4175	Ambulatory Care	163WP2201X	http://codelists.wpc-edi.com/wpc_properties.asp?IndexID=7365
4159	4180	Cardiac Rehabilitation	163WC3500X	http://codelists.wpc-edi.com/wpc_properties.asp?IndexID=7333
4159	4185	Case Management	163WC0400X	http://codelists.wpc-edi.com/wpc_properties.asp?IndexID=7327
4159	4190	College Health	163WC1400X	http://codelists.wpc-edi.com/wpc_properties.asp?IndexID=7329
4159	4195	Community Health	163WC1500X	http://codelists.wpc-edi.com/wpc_properties.asp?IndexID=7330
1559	1571	Anatomic Pathology & Clinical Pathology	207ZP0102X	http://codelists.wpc-edi.com/wpc_properties.asp?IndexID=7498
1559	1577	Blood Banking & Transfusion Medicine	207ZB0001X	http://codelists.wpc-edi.com/wpc_properties.asp?IndexID=7420
1559	1582	Chemical Pathology	207ZP0104X	http://codelists.wpc-edi.com/wpc_properties.asp?IndexID=7500
1559	1587	Clinical Pathology	207ZC0006X	http://codelists.wpc-edi.com/wpc_properties.asp?IndexID=10244
1559	1593	Clinical Pathology/Laboratory Medicine	207ZP0105X	http://codelists.wpc-edi.com/wpc_properties.asp?IndexID=7501
1559	1598	Cytopathology	207ZC0500X	http://codelists.wpc-edi.com/wpc_properties.asp?IndexID=7430
1559	1603	Dermatopathology	207ZD0900X	http://codelists.wpc-edi.com/wpc_properties.asp?IndexID=8013
1559	1608	Forensic Pathology	207ZF0201X	http://codelists.wpc-edi.com/wpc_properties.asp?IndexID=7445
1559	1613	Hematology	207ZH0000X	http://codelists.wpc-edi.com/wpc_properties.asp?IndexID=7461
1559	1618	Immunopathology	207ZI0100X	http://codelists.wpc-edi.com/wpc_properties.asp?IndexID=7470
1559	1623	Medical Microbiology	207ZM0300X	http://codelists.wpc-edi.com/wpc_properties.asp?IndexID=7479
1559	1628	Molecular Genetic Pathology	207ZP0007X	http://codelists.wpc-edi.com/wpc_properties.asp?IndexID=10020
1559	1633	Neuropathology	207ZN0500X	http://codelists.wpc-edi.com/wpc_properties.asp?IndexID=7487
1559	1638	Pediatric Pathology	207ZP0213X	http://codelists.wpc-edi.com/wpc_properties.asp?IndexID=7516
1643	1649	Adolescent Medicine	2080A0000X	http://codelists.wpc-edi.com/wpc_properties.asp?IndexID=7405
1643	1654	Child Abuse Pediatrics	2080C0008X	http://codelists.wpc-edi.com/wpc_properties.asp?IndexID=10272
2110	2196	Sleep Medicine	2084S0012X	http://codelists.wpc-edi.com/wpc_properties.asp?IndexID=10198
2110	2201	Sports Medicine	2084S0010X	http://codelists.wpc-edi.com/wpc_properties.asp?IndexID=10150
2110	2206	Vascular Neurology	2084V0102X	http://codelists.wpc-edi.com/wpc_properties.asp?IndexID=10112
2211	2217	Interventional Pain Medicine	208VP0014X	http://codelists.wpc-edi.com/wpc_properties.asp?IndexID=10075
2211	2222	Pain Medicine	208VP0000X	http://codelists.wpc-edi.com/wpc_properties.asp?IndexID=8003
2227	2233	Body Imaging	2085B0100X	http://codelists.wpc-edi.com/wpc_properties.asp?IndexID=7421
2227	2238	Diagnostic Neuroimaging	2085D0003X	http://codelists.wpc-edi.com/wpc_properties.asp?IndexID=10226
2227	2243	Diagnostic Radiology	2085R0202X	http://codelists.wpc-edi.com/wpc_properties.asp?IndexID=10139
2227	2248	Diagnostic Ultrasound 	2085U0001X	http://codelists.wpc-edi.com/wpc_properties.asp?IndexID=7600
2227	2753	Hospice and Palliative Medicine	2085H0002X	http://codelists.wpc-edi.com/wpc_properties.asp?IndexID=10227
2227	2758	Neuroradiology	2085N0700X	http://codelists.wpc-edi.com/wpc_properties.asp?IndexID=7489
2227	2763	Nuclear Radiology	2085N0904X	http://codelists.wpc-edi.com/wpc_properties.asp?IndexID=7494
2227	2768	Pediatric Radiology	2085P0229X	http://codelists.wpc-edi.com/wpc_properties.asp?IndexID=10127
2227	2773	Radiation Oncology	2085R0001X	http://codelists.wpc-edi.com/wpc_properties.asp?IndexID=10114
2227	2778	Radiological Physics	2085R0205X	http://codelists.wpc-edi.com/wpc_properties.asp?IndexID=10140
2227	2783	Therapeutic Radiology	2085R0203X	http://codelists.wpc-edi.com/wpc_properties.asp?IndexID=7550
2227	2788	Vascular & Interventional Radiology	2085R0204X	http://codelists.wpc-edi.com/wpc_properties.asp?IndexID=7991
5494	5931	Nurse Anesthetist, Certified Registered	367500000X	http://codelists.wpc-edi.com/wpc_properties.asp?IndexID=8242
5494	5936	Nurse Practitioner	363L00000X	http://codelists.wpc-edi.com/wpc_properties.asp?IndexID=8115
5494	6277	Physician Assistant	363A00000X	http://codelists.wpc-edi.com/wpc_properties.asp?IndexID=8114
5760	5766	Acute Care	364SA2100X	http://codelists.wpc-edi.com/wpc_properties.asp?IndexID=7951
5760	5771	Adult Health	364SA2200X	http://codelists.wpc-edi.com/wpc_properties.asp?IndexID=7952
5760	5776	Chronic Care	364SC2300X	http://codelists.wpc-edi.com/wpc_properties.asp?IndexID=7955
5760	5781	Community Health/Public Health	364SC1501X	http://codelists.wpc-edi.com/wpc_properties.asp?IndexID=7954
5760	5786	Critical Care Medicine	364SC0200X	http://codelists.wpc-edi.com/wpc_properties.asp?IndexID=7953
5760	5791	Emergency	364SE0003X	http://codelists.wpc-edi.com/wpc_properties.asp?IndexID=7956
5760	5796	Ethics	364SE1400X	http://codelists.wpc-edi.com/wpc_properties.asp?IndexID=7957
5760	5801	Family Health	364SF0001X	http://codelists.wpc-edi.com/wpc_properties.asp?IndexID=7958
5760	5806	Gerontology	364SG0600X	http://codelists.wpc-edi.com/wpc_properties.asp?IndexID=7959
5760	5811	Holistic	364SH1100X	http://codelists.wpc-edi.com/wpc_properties.asp?IndexID=7961
5760	5816	Home Health	364SH0200X	http://codelists.wpc-edi.com/wpc_properties.asp?IndexID=7960
5760	5821	Informatics	364SI0800X	http://codelists.wpc-edi.com/wpc_properties.asp?IndexID=7962
5760	5826	Long-Term Care	364SL0600X	http://codelists.wpc-edi.com/wpc_properties.asp?IndexID=7963
5760	5831	Medical-Surgical	364SM0705X	http://codelists.wpc-edi.com/wpc_properties.asp?IndexID=7964
5760	5836	Neonatal	364SN0000X	http://codelists.wpc-edi.com/wpc_properties.asp?IndexID=7965
5760	5841	Neuroscience	364SN0800X	http://codelists.wpc-edi.com/wpc_properties.asp?IndexID=7967
5760	5846	Occupational Health	364SX0106X	http://codelists.wpc-edi.com/wpc_properties.asp?IndexID=7983
5760	5851	Oncology	364SX0200X	http://codelists.wpc-edi.com/wpc_properties.asp?IndexID=7984
5760	5856	Oncology, Pediatrics	364SX0204X	http://codelists.wpc-edi.com/wpc_properties.asp?IndexID=7985
5760	5861	Pediatrics	364SP0200X	http://codelists.wpc-edi.com/wpc_properties.asp?IndexID=7968
5760	5866	Perinatal	364SP1700X	http://codelists.wpc-edi.com/wpc_properties.asp?IndexID=7976
5760	5871	Perioperative	364SP2800X	http://codelists.wpc-edi.com/wpc_properties.asp?IndexID=7977
5760	5876	Psychiatric/Mental Health	364SP0808X	http://codelists.wpc-edi.com/wpc_properties.asp?IndexID=7970
5760	5881	Psychiatric/Mental Health, Adult	364SP0809X	http://codelists.wpc-edi.com/wpc_properties.asp?IndexID=7971
5760	5886	Psychiatric/Mental Health, Child & Adolescent	364SP0807X	http://codelists.wpc-edi.com/wpc_properties.asp?IndexID=7969
5760	5891	Psychiatric/Mental Health, Child & Family	364SP0810X	http://codelists.wpc-edi.com/wpc_properties.asp?IndexID=7972
5760	5896	Psychiatric/Mental Health, Chronically Ill	364SP0811X	http://codelists.wpc-edi.com/wpc_properties.asp?IndexID=7973
5760	5901	Psychiatric/Mental Health, Community	364SP0812X	http://codelists.wpc-edi.com/wpc_properties.asp?IndexID=7974
5760	5906	Psychiatric/Mental Health, Geropsychiatric	364SP0813X	http://codelists.wpc-edi.com/wpc_properties.asp?IndexID=7975
5760	5911	Rehabilitation	364SR0400X	http://codelists.wpc-edi.com/wpc_properties.asp?IndexID=7978
5760	5916	School	364SS0200X	http://codelists.wpc-edi.com/wpc_properties.asp?IndexID=7980
5760	5921	Transplantation	364ST0500X	http://codelists.wpc-edi.com/wpc_properties.asp?IndexID=7981
5760	5926	Women's Health	364SW0102X	http://codelists.wpc-edi.com/wpc_properties.asp?IndexID=7982
5936	5942	Acute Care	363LA2100X	http://codelists.wpc-edi.com/wpc_properties.asp?IndexID=7933
5936	5947	Adult Health	363LA2200X	http://codelists.wpc-edi.com/wpc_properties.asp?IndexID=7934
5936	5952	Community Health	363LC1500X	http://codelists.wpc-edi.com/wpc_properties.asp?IndexID=7936
5936	5957	Critical Care Medicine	363LC0200X	http://codelists.wpc-edi.com/wpc_properties.asp?IndexID=7935
5936	5962	Family	363LF0000X	http://codelists.wpc-edi.com/wpc_properties.asp?IndexID=7937
5936	5967	Gerontology	363LG0600X	http://codelists.wpc-edi.com/wpc_properties.asp?IndexID=7938
5936	5972	Neonatal	363LN0000X	http://codelists.wpc-edi.com/wpc_properties.asp?IndexID=7939
5936	5977	Neonatal, Critical Care	363LN0005X	http://codelists.wpc-edi.com/wpc_properties.asp?IndexID=7940
5936	5982	Obstetrics & Gynecology	363LX0001X	http://codelists.wpc-edi.com/wpc_properties.asp?IndexID=7949
5936	5987	Occupational Health	363LX0106X	http://codelists.wpc-edi.com/wpc_properties.asp?IndexID=7950
5936	5992	Pediatrics	363LP0200X	http://codelists.wpc-edi.com/wpc_properties.asp?IndexID=7941
5936	5997	Pediatrics, Critical Care	363LP0222X	http://codelists.wpc-edi.com/wpc_properties.asp?IndexID=7942
4159	4655	Registered Nurse First Assistant	163WR0006X	http://codelists.wpc-edi.com/wpc_properties.asp?IndexID=10201
4159	4660	Rehabilitation	163WR0400X	http://codelists.wpc-edi.com/wpc_properties.asp?IndexID=7366
4159	4665	Reproductive Endocrinology/Infertility	163WR1000X	http://codelists.wpc-edi.com/wpc_properties.asp?IndexID=7367
4159	4670	School	163WS0200X	http://codelists.wpc-edi.com/wpc_properties.asp?IndexID=7369
4159	4675	Urology	163WU0100X	http://codelists.wpc-edi.com/wpc_properties.asp?IndexID=7370
4159	4680	Women's Health Care, Ambulatory	163WW0101X	http://codelists.wpc-edi.com/wpc_properties.asp?IndexID=7372
4159	4685	Wound Care	163WW0000X	http://codelists.wpc-edi.com/wpc_properties.asp?IndexID=7371
4690	4696	Adult Companion	372600000X	http://codelists.wpc-edi.com/wpc_properties.asp?IndexID=9019
4690	4701	Chore Provider	372500000X	http://codelists.wpc-edi.com/wpc_properties.asp?IndexID=9017
4690	4706	Day Training/Habilitation Specialist	373H00000X	http://codelists.wpc-edi.com/wpc_properties.asp?IndexID=10153
4690	4711	Doula	374J00000X	http://codelists.wpc-edi.com/wpc_properties.asp?IndexID=10274
4690	4717	Home Health Aide	374U00000X	http://codelists.wpc-edi.com/wpc_properties.asp?IndexID=8166
4690	4722	Homemaker	376J00000X	http://codelists.wpc-edi.com/wpc_properties.asp?IndexID=8205
4690	4727	Nurse's Aide	376K00000X	http://codelists.wpc-edi.com/wpc_properties.asp?IndexID=8206
4690	4732	Nursing Home Administrator	376G00000X	http://codelists.wpc-edi.com/wpc_properties.asp?IndexID=8203
4690	4737	Religious Nonmedical Nursing Personnel	374T00000X	http://codelists.wpc-edi.com/wpc_properties.asp?IndexID=8165
4690	4743	Religious Nonmedical Practitioner	374K00000X	http://codelists.wpc-edi.com/wpc_properties.asp?IndexID=10275
4690	4749	Technician	374700000X	http://codelists.wpc-edi.com/wpc_properties.asp?IndexID=8118
5249	5255	Attendant Care Provider	3747A0650X	http://codelists.wpc-edi.com/wpc_properties.asp?IndexID=9018
5249	5260	Personal Care Attendant	3747P1801X	http://codelists.wpc-edi.com/wpc_properties.asp?IndexID=7986
5265	5271	Acupuncturist	171100000X	http://codelists.wpc-edi.com/wpc_properties.asp?IndexID=8240
5265	5276	Case Manager/Care Coordinator	171M00000X	http://codelists.wpc-edi.com/wpc_properties.asp?IndexID=10202
5265	5281	Community Health Worker	172V00000X	http://codelists.wpc-edi.com/wpc_properties.asp?IndexID=10248
	2			
	8397			
2	4	Group		http://codelists.wpc-edi.com/wpc_properties.asp?IndexID=9013
2	20	Allopathic & Osteopathic Physicians		http://codelists.wpc-edi.com/wpc_properties.asp?IndexID=8066
2	2861	Behavioral Health & Social Service Providers		http://codelists.wpc-edi.com/wpc_properties.asp?IndexID=8034
2	3315	Chiropractic Providers		http://codelists.wpc-edi.com/wpc_properties.asp?IndexID=8040
2	3389	Dental Providers		http://codelists.wpc-edi.com/wpc_properties.asp?IndexID=8042
2	3471	Dietary & Nutritional Service Providers		http://codelists.wpc-edi.com/wpc_properties.asp?IndexID=8046
2	4019	Emergency Medical Service Providers		http://codelists.wpc-edi.com/wpc_properties.asp?IndexID=8050
2	4045	Eye and Vision Services Providers		http://codelists.wpc-edi.com/wpc_properties.asp?IndexID=8029
2	4138	Nursing Service Providers		http://codelists.wpc-edi.com/wpc_properties.asp?IndexID=8053
2	4690	Nursing Service Related Providers		http://codelists.wpc-edi.com/wpc_properties.asp?IndexID=8227
2	5265	Other Service Providers		http://codelists.wpc-edi.com/wpc_properties.asp?IndexID=8056
2	5436	Pharmacy Service Providers		http://codelists.wpc-edi.com/wpc_properties.asp?IndexID=8062
2	5494	Physician Assistants & Advanced Practice Nursing Providers		http://codelists.wpc-edi.com/wpc_properties.asp?IndexID=8113
2	6293	Podiatric Medicine & Surgery Service Providers		http://codelists.wpc-edi.com/wpc_properties.asp?IndexID=8068
2	6346	Respiratory, Developmental, Rehabilitative and Restorative Service Providers		http://codelists.wpc-edi.com/wpc_properties.asp?IndexID=8070
2	7249	Speech, Language and Hearing Service Providers		http://codelists.wpc-edi.com/wpc_properties.asp?IndexID=8080
2	7552	Student, Health Care		http://codelists.wpc-edi.com/wpc_properties.asp?IndexID=10173
2	7563	Technologists, Technicians & Other Technical Service Providers		http://codelists.wpc-edi.com/wpc_properties.asp?IndexID=8085
4	10	Multi-Specialty 	193200000X	http://codelists.wpc-edi.com/wpc_properties.asp?IndexID=9015
4	15	Single Specialty 	193400000X	http://codelists.wpc-edi.com/wpc_properties.asp?IndexID=9014
20	26	Allergy & Immunology	207K00000X	http://codelists.wpc-edi.com/wpc_properties.asp?IndexID=10078
20	42	Anesthesiology	207L00000X	http://codelists.wpc-edi.com/wpc_properties.asp?IndexID=7412
20	73	Clinical Pharmacology	208U00000X	http://codelists.wpc-edi.com/wpc_properties.asp?IndexID=7543
20	78	Colon & Rectal Surgery	208C00000X	http://codelists.wpc-edi.com/wpc_properties.asp?IndexID=7529
20	83	Dermatology	207N00000X	http://codelists.wpc-edi.com/wpc_properties.asp?IndexID=7432
20	114	Emergency Medicine	207P00000X	http://codelists.wpc-edi.com/wpc_properties.asp?IndexID=7440
20	150	Family Medicine	207Q00000X	http://codelists.wpc-edi.com/wpc_properties.asp?IndexID=7444
20	196	General Practice	208D00000X	http://codelists.wpc-edi.com/wpc_properties.asp?IndexID=8015
20	201	Hospitalist	208M00000X	http://codelists.wpc-edi.com/wpc_properties.asp?IndexID=10105
20	207	Independent Medical Examiner	202C00000X	http://codelists.wpc-edi.com/wpc_properties.asp?IndexID=10217
20	212	Internal Medicine	207R00000X	http://codelists.wpc-edi.com/wpc_properties.asp?IndexID=7472
20	843	Legal Medicine	209800000X	http://codelists.wpc-edi.com/wpc_properties.asp?IndexID=10004
20	849	Medical Genetics		http://codelists.wpc-edi.com/wpc_properties.asp?IndexID=10159
20	885	Neurological Surgery	207T00000X	http://codelists.wpc-edi.com/wpc_properties.asp?IndexID=7574
20	890	Nuclear Medicine	207U00000X	http://codelists.wpc-edi.com/wpc_properties.asp?IndexID=7490
20	911	Neuromusculoskeletal Medicine & OMM	204D00000X	http://codelists.wpc-edi.com/wpc_properties.asp?IndexID=10143
20	916	Neuromusculoskeletal Medicine, Sports Medicine	204C00000X	http://codelists.wpc-edi.com/wpc_properties.asp?IndexID=10144
20	921	Obstetrics & Gynecology	207V00000X	http://codelists.wpc-edi.com/wpc_properties.asp?IndexID=7604
20	967	Ophthalmology	207W00000X	http://codelists.wpc-edi.com/wpc_properties.asp?IndexID=7611
20	972	Oral & Maxillofacial Surgery	204E00000X	http://codelists.wpc-edi.com/wpc_properties.asp?IndexID=10146
20	977	Orthopaedic Surgery	207X00000X	http://codelists.wpc-edi.com/wpc_properties.asp?IndexID=7576
20	1518	Otolaryngology	207Y00000X	http://codelists.wpc-edi.com/wpc_properties.asp?IndexID=7612
20	1559	Pathology		http://codelists.wpc-edi.com/wpc_properties.asp?IndexID=7496
20	1643	Pediatrics	208000000X	http://codelists.wpc-edi.com/wpc_properties.asp?IndexID=7503
20	2010	Phlebology	202K00000X	http://codelists.wpc-edi.com/wpc_properties.asp?IndexID=10221
20	2016	Physical Medicine & Rehabilitation	208100000X	http://codelists.wpc-edi.com/wpc_properties.asp?IndexID=7522
20	2053	Plastic Surgery	208200000X	http://codelists.wpc-edi.com/wpc_properties.asp?IndexID=7584
20	2069	Preventive Medicine		http://codelists.wpc-edi.com/wpc_properties.asp?IndexID=10158
20	2110	Psychiatry & Neurology		http://codelists.wpc-edi.com/wpc_properties.asp?IndexID=7531
20	2211	Pain Medicine		http://codelists.wpc-edi.com/wpc_properties.asp?IndexID=7544
20	2227	Radiology		http://codelists.wpc-edi.com/wpc_properties.asp?IndexID=7547
20	2793	Surgery	208600000X	http://codelists.wpc-edi.com/wpc_properties.asp?IndexID=7564
20	2840	Thoracic Surgery (Cardiothoracic Vascular Surgery)	208G00000X	http://codelists.wpc-edi.com/wpc_properties.asp?IndexID=7588
20	2845	Transplant Surgery	204F00000X	http://codelists.wpc-edi.com/wpc_properties.asp?IndexID=7582
20	2850	Urology	208800000X	http://codelists.wpc-edi.com/wpc_properties.asp?IndexID=7601
26	32	Allergy	207KA0200X	http://codelists.wpc-edi.com/wpc_properties.asp?IndexID=7408
26	37	Clinical & Laboratory Immunology	207KI0005X	http://codelists.wpc-edi.com/wpc_properties.asp?IndexID=7467
42	48	Addiction Medicine	207LA0401X	http://codelists.wpc-edi.com/wpc_properties.asp?IndexID=10148
42	53	Critical Care Medicine	207LC0200X	http://codelists.wpc-edi.com/wpc_properties.asp?IndexID=7426
42	58	Hospice and Palliative Medicine	207LH0002X	http://codelists.wpc-edi.com/wpc_properties.asp?IndexID=10214
42	63	Pain Medicine	207LP2900X	http://codelists.wpc-edi.com/wpc_properties.asp?IndexID=7495
42	68	Pediatric Anesthesiology	207LP3000X	http://codelists.wpc-edi.com/wpc_properties.asp?IndexID=10193
83	89	Clinical & Laboratory Dermatological Immunology	207NI0002X	http://codelists.wpc-edi.com/wpc_properties.asp?IndexID=7464
83	94	Dermatopathology	207ND0900X	http://codelists.wpc-edi.com/wpc_properties.asp?IndexID=8005
83	99	MOHS-Micrographic Surgery	207ND0101X	http://codelists.wpc-edi.com/wpc_properties.asp?IndexID=8012
83	104	Pediatric Dermatology	207NP0225X	http://codelists.wpc-edi.com/wpc_properties.asp?IndexID=10123
83	109	Procedural Dermatology	207NS0135X	http://codelists.wpc-edi.com/wpc_properties.asp?IndexID=10130
114	120	Emergency Medical Services	207PE0004X	http://codelists.wpc-edi.com/wpc_properties.asp?IndexID=10141
114	125	Hospice and Palliative Medicine	207PH0002X	http://codelists.wpc-edi.com/wpc_properties.asp?IndexID=10215
212	833	Sports Medicine	207RS0010X	http://codelists.wpc-edi.com/wpc_properties.asp?IndexID=7562
212	838	Transplant Hepatology	207RT0003X	http://codelists.wpc-edi.com/wpc_properties.asp?IndexID=10242
849	855	Clinical Biochemical Genetics	207SG0202X	http://codelists.wpc-edi.com/wpc_properties.asp?IndexID=7429
849	860	Clinical Cytogenetic	207SC0300X	http://codelists.wpc-edi.com/wpc_properties.asp?IndexID=7449
849	865	Clinical Genetics (M.D.)	207SG0201X	http://codelists.wpc-edi.com/wpc_properties.asp?IndexID=7450
849	870	Clinical Molecular Genetics	207SG0203X	http://codelists.wpc-edi.com/wpc_properties.asp?IndexID=7451
849	875	Molecular Genetic Pathology	207SM0001X	http://codelists.wpc-edi.com/wpc_properties.asp?IndexID=10018
849	880	Ph.D. Medical Genetics	207SG0205X	http://codelists.wpc-edi.com/wpc_properties.asp?IndexID=7452
890	896	In Vivo & In Vitro Nuclear Medicine	207UN0903X	http://codelists.wpc-edi.com/wpc_properties.asp?IndexID=7493
890	901	Nuclear Cardiology	207UN0901X	http://codelists.wpc-edi.com/wpc_properties.asp?IndexID=7491
890	906	Nuclear Imaging & Therapy	207UN0902X	http://codelists.wpc-edi.com/wpc_properties.asp?IndexID=7492
921	927	Bariatric Medicine	207VB0002X	http://codelists.wpc-edi.com/wpc_properties.asp?IndexID=10240
921	932	Critical Care Medicine	207VC0200X	http://codelists.wpc-edi.com/wpc_properties.asp?IndexID=7428
921	937	Gynecologic Oncology	207VX0201X	http://codelists.wpc-edi.com/wpc_properties.asp?IndexID=7609
1643	1660	Clinical & Laboratory Immunology	2080I0007X	http://codelists.wpc-edi.com/wpc_properties.asp?IndexID=7469
1643	1665	Developmental - Behavioral Pediatrics	2080P0006X	http://codelists.wpc-edi.com/wpc_properties.asp?IndexID=10013
1643	1670	Hospice and Palliative Medicine	2080H0002X	http://codelists.wpc-edi.com/wpc_properties.asp?IndexID=10220
1643	1675	Medical Toxicology	2080T0002X	http://codelists.wpc-edi.com/wpc_properties.asp?IndexID=7521
1643	1680	Neonatal-Perinatal Medicine	2080N0001X	http://codelists.wpc-edi.com/wpc_properties.asp?IndexID=7480
1643	1685	Neurodevelopmental Disabilities	2080P0008X	http://codelists.wpc-edi.com/wpc_properties.asp?IndexID=10021
1643	1690	Pediatric Allergy & Immunology	2080P0201X	http://codelists.wpc-edi.com/wpc_properties.asp?IndexID=7504
1643	1695	Pediatric Cardiology	2080P0202X	http://codelists.wpc-edi.com/wpc_properties.asp?IndexID=7505
1643	1700	Pediatric Critical Care Medicine	2080P0203X	http://codelists.wpc-edi.com/wpc_properties.asp?IndexID=7506
1643	1705	Pediatric Emergency Medicine	2080P0204X	http://codelists.wpc-edi.com/wpc_properties.asp?IndexID=7507
1643	1710	Pediatric Endocrinology	2080P0205X	http://codelists.wpc-edi.com/wpc_properties.asp?IndexID=7508
1643	1715	Pediatric Gastroenterology	2080P0206X	http://codelists.wpc-edi.com/wpc_properties.asp?IndexID=7509
1643	1720	Pediatric Hematology-Oncology	2080P0207X	http://codelists.wpc-edi.com/wpc_properties.asp?IndexID=7510
1643	1725	Pediatric Infectious Diseases	2080P0208X	http://codelists.wpc-edi.com/wpc_properties.asp?IndexID=7511
1643	1730	Pediatric Nephrology	2080P0210X	http://codelists.wpc-edi.com/wpc_properties.asp?IndexID=7513
1643	1735	Pediatric Pulmonology	2080P0214X	http://codelists.wpc-edi.com/wpc_properties.asp?IndexID=7517
1643	1740	Pediatric Rheumatology	2080P0216X	http://codelists.wpc-edi.com/wpc_properties.asp?IndexID=7519
1643	1745	Pediatric Transplant Hepatology	2080T0004X	http://codelists.wpc-edi.com/wpc_properties.asp?IndexID=10243
1643	2000	Sleep Medicine	2080S0012X	http://codelists.wpc-edi.com/wpc_properties.asp?IndexID=10197
1643	2005	Sports Medicine	2080S0010X	http://codelists.wpc-edi.com/wpc_properties.asp?IndexID=7563
2016	2022	Hospice and Palliative Medicine	2081H0002X	http://codelists.wpc-edi.com/wpc_properties.asp?IndexID=10223
2016	2027	Neuromuscular Medicine	2081N0008X	http://codelists.wpc-edi.com/wpc_properties.asp?IndexID=10245
2016	2032	Pain Medicine	2081P2900X	http://codelists.wpc-edi.com/wpc_properties.asp?IndexID=10023
2016	2037	Pediatric Rehabilitation Medicine	2081P0010X	http://codelists.wpc-edi.com/wpc_properties.asp?IndexID=10128
2016	2042	Spinal Cord Injury Medicine	2081P0004X	http://codelists.wpc-edi.com/wpc_properties.asp?IndexID=10009
2016	2047	Sports Medicine	2081S0010X	http://codelists.wpc-edi.com/wpc_properties.asp?IndexID=8010
2053	2059	Plastic Surgery Within the Head and Neck	2082S0099X	http://codelists.wpc-edi.com/wpc_properties.asp?IndexID=10031
2053	2064	Surgery of the Hand	2082S0105X	http://codelists.wpc-edi.com/wpc_properties.asp?IndexID=10147
2069	2075	Aerospace Medicine	2083A0100X	http://codelists.wpc-edi.com/wpc_properties.asp?IndexID=7406
2069	2080	Medical Toxicology	2083T0002X	http://codelists.wpc-edi.com/wpc_properties.asp?IndexID=7597
2069	2085	Occupational Medicine	2083X0100X	http://codelists.wpc-edi.com/wpc_properties.asp?IndexID=7605
2069	2090	Preventive Medicine/Occupational Environmental Medicine	2083P0500X	http://codelists.wpc-edi.com/wpc_properties.asp?IndexID=7607
2069	2095	Public Health & General Preventive Medicine	2083P0901X	http://codelists.wpc-edi.com/wpc_properties.asp?IndexID=8002
2069	2100	Sports Medicine	2083S0010X	http://codelists.wpc-edi.com/wpc_properties.asp?IndexID=10006
2069	2105	Undersea and Hyperbaric Medicine 	2083P0011X	http://codelists.wpc-edi.com/wpc_properties.asp?IndexID=10026
2110	2116	Addiction Medicine	2084A0401X	http://codelists.wpc-edi.com/wpc_properties.asp?IndexID=10149
2110	2121	Addiction Psychiatry	2084P0802X	http://codelists.wpc-edi.com/wpc_properties.asp?IndexID=7532
2110	2126	Bariatric Medicine	2084B0002X	http://codelists.wpc-edi.com/wpc_properties.asp?IndexID=10241
2110	2131	Child & Adolescent Psychiatry	2084P0804X	http://codelists.wpc-edi.com/wpc_properties.asp?IndexID=7534
2110	2136	Clinical Neurophysiology 	2084N0600X	http://codelists.wpc-edi.com/wpc_properties.asp?IndexID=7488
2110	2141	Diagnostic Neuroimaging	2084D0003X	http://codelists.wpc-edi.com/wpc_properties.asp?IndexID=10222
2110	2146	Forensic Psychiatry	2084F0202X	http://codelists.wpc-edi.com/wpc_properties.asp?IndexID=7446
2110	2151	Geriatric Psychiatry	2084P0805X	http://codelists.wpc-edi.com/wpc_properties.asp?IndexID=7535
2110	2156	Hospice and Palliative Medicine	2084H0002X	http://codelists.wpc-edi.com/wpc_properties.asp?IndexID=10224
2110	2161	Neurodevelopmental Disabilities	2084P0005X	http://codelists.wpc-edi.com/wpc_properties.asp?IndexID=10012
2110	2166	Neurology	2084N0400X	http://codelists.wpc-edi.com/wpc_properties.asp?IndexID=10107
2110	2171	Neurology with Special Qualifications in Child Neurology 	2084N0402X	http://codelists.wpc-edi.com/wpc_properties.asp?IndexID=7486
2110	2176	Neuromuscular Medicine	2084N0008X	http://codelists.wpc-edi.com/wpc_properties.asp?IndexID=10246
2110	2181	Pain Medicine	2084P2900X	http://codelists.wpc-edi.com/wpc_properties.asp?IndexID=10032
2110	2186	Psychiatry	2084P0800X	http://codelists.wpc-edi.com/wpc_properties.asp?IndexID=10108
2110	2191	Psychosomatic Medicine	2084P0015X	http://codelists.wpc-edi.com/wpc_properties.asp?IndexID=10225
921	942	Gynecology	207VG0400X	http://codelists.wpc-edi.com/wpc_properties.asp?IndexID=7458
921	947	Hospice and Palliative Medicine	207VH0002X	http://codelists.wpc-edi.com/wpc_properties.asp?IndexID=10219
921	952	Maternal & Fetal Medicine	207VM0101X	http://codelists.wpc-edi.com/wpc_properties.asp?IndexID=7477
921	957	Obstetrics 	207VX0000X	http://codelists.wpc-edi.com/wpc_properties.asp?IndexID=7603
921	962	Reproductive Endocrinology	207VE0102X	http://codelists.wpc-edi.com/wpc_properties.asp?IndexID=10102
977	983	Adult Reconstructive Orthopaedic Surgery	207XS0114X	http://codelists.wpc-edi.com/wpc_properties.asp?IndexID=7577
977	988	Foot and Ankle Surgery	207XX0004X	http://codelists.wpc-edi.com/wpc_properties.asp?IndexID=10001
977	993	Hand Surgery 	207XS0106X	http://codelists.wpc-edi.com/wpc_properties.asp?IndexID=7570
977	998	Orthopaedic Surgery of the Spine	207XS0117X	http://codelists.wpc-edi.com/wpc_properties.asp?IndexID=7580
977	1503	Orthopaedic Trauma	207XX0801X	http://codelists.wpc-edi.com/wpc_properties.asp?IndexID=10131
977	1508	Pediatric Orthopaedic Surgery	207XP3100X	http://codelists.wpc-edi.com/wpc_properties.asp?IndexID=10195
977	1513	Sports Medicine	207XX0005X	http://codelists.wpc-edi.com/wpc_properties.asp?IndexID=10010
1518	1524	Facial Plastic Surgery	207YS0123X	http://codelists.wpc-edi.com/wpc_properties.asp?IndexID=7586
1518	1529	Otolaryngic Allergy	207YX0602X	http://codelists.wpc-edi.com/wpc_properties.asp?IndexID=7616
1518	1534	Otolaryngology/Facial Plastic Surgery	207YX0905X	http://codelists.wpc-edi.com/wpc_properties.asp?IndexID=10145
1518	1539	Otology & Neurotology	207YX0901X	http://codelists.wpc-edi.com/wpc_properties.asp?IndexID=7617
1518	1544	Pediatric Otolaryngology	207YP0228X	http://codelists.wpc-edi.com/wpc_properties.asp?IndexID=7615
1518	1549	Plastic Surgery within the Head & Neck	207YX0007X	http://codelists.wpc-edi.com/wpc_properties.asp?IndexID=7614
1518	1554	Sleep Medicine	207YS0012X	http://codelists.wpc-edi.com/wpc_properties.asp?IndexID=10196
1559	1565	Anatomic Pathology	207ZP0101X	http://codelists.wpc-edi.com/wpc_properties.asp?IndexID=7497
2930	2977	Family	103TF0000X	http://codelists.wpc-edi.com/wpc_properties.asp?IndexID=7266
2930	2982	Forensic	103TF0200X	http://codelists.wpc-edi.com/wpc_properties.asp?IndexID=7267
2930	2987	Group Psychotherapy	103TP2701X	http://codelists.wpc-edi.com/wpc_properties.asp?IndexID=7272
2930	2992	Health	103TH0004X	http://codelists.wpc-edi.com/wpc_properties.asp?IndexID=10230
2930	2997	Health Service	103TH0100X	http://codelists.wpc-edi.com/wpc_properties.asp?IndexID=7268
2930	3252	Men & Masculinity	103TM1700X	http://codelists.wpc-edi.com/wpc_properties.asp?IndexID=7269
2930	3258	Mental Retardation & Developmental Disabilities	103TM1800X	http://codelists.wpc-edi.com/wpc_properties.asp?IndexID=7270
2930	3263	Prescribing (Medical)	103TP0016X	http://codelists.wpc-edi.com/wpc_properties.asp?IndexID=10231
2930	3268	Psychoanalysis	103TP0814X	http://codelists.wpc-edi.com/wpc_properties.asp?IndexID=8037
2930	3273	Psychotherapy	103TP2700X	http://codelists.wpc-edi.com/wpc_properties.asp?IndexID=7271
2930	3279	Rehabilitation	103TR0400X	http://codelists.wpc-edi.com/wpc_properties.asp?IndexID=7273
2930	3284	School	103TS0200X	http://codelists.wpc-edi.com/wpc_properties.asp?IndexID=7274
2930	3289	Women	103TW0100X	http://codelists.wpc-edi.com/wpc_properties.asp?IndexID=7275
3296	3304	Clinical	1041C0700X	http://codelists.wpc-edi.com/wpc_properties.asp?IndexID=7276
3296	3310	School	1041S0200X	http://codelists.wpc-edi.com/wpc_properties.asp?IndexID=7277
3315	3321	Chiropractor	111N00000X	http://codelists.wpc-edi.com/wpc_properties.asp?IndexID=8041
3321	3327	Independent Medical Examiner	111NI0013X	http://codelists.wpc-edi.com/wpc_properties.asp?IndexID=10232
3321	3332	Internist	111NI0900X	http://codelists.wpc-edi.com/wpc_properties.asp?IndexID=7279
3321	3338	Neurology	111NN0400X	http://codelists.wpc-edi.com/wpc_properties.asp?IndexID=7280
3321	3344	Nutrition	111NN1001X	http://codelists.wpc-edi.com/wpc_properties.asp?IndexID=7281
3321	3350	Occupational Health	111NX0100X	http://codelists.wpc-edi.com/wpc_properties.asp?IndexID=7285
3321	3356	Orthopedic	111NX0800X	http://codelists.wpc-edi.com/wpc_properties.asp?IndexID=7286
3321	3362	Pediatric Chiropractor	111NP0017X	http://codelists.wpc-edi.com/wpc_properties.asp?IndexID=10253
3321	3367	Radiology	111NR0200X	http://codelists.wpc-edi.com/wpc_properties.asp?IndexID=7282
4159	4200	Continence Care	163WC2100X	http://codelists.wpc-edi.com/wpc_properties.asp?IndexID=7332
4159	4205	Continuing Education/Staff Development	163WC1600X	http://codelists.wpc-edi.com/wpc_properties.asp?IndexID=7331
4159	4210	Critical Care Medicine	163WC0200X	http://codelists.wpc-edi.com/wpc_properties.asp?IndexID=7326
4159	4215	Diabetes Educator	163WD0400X	http://codelists.wpc-edi.com/wpc_properties.asp?IndexID=7334
4159	4220	Dialysis, Peritoneal	163WD1100X	http://codelists.wpc-edi.com/wpc_properties.asp?IndexID=7335
4159	4225	Emergency	163WE0003X	http://codelists.wpc-edi.com/wpc_properties.asp?IndexID=7337
4159	4230	Enterostomal Therapy	163WE0900X	http://codelists.wpc-edi.com/wpc_properties.asp?IndexID=7338
4159	4235	Flight	163WF0300X	http://codelists.wpc-edi.com/wpc_properties.asp?IndexID=7339
4159	4240	Gastroenterology	163WG0100X	http://codelists.wpc-edi.com/wpc_properties.asp?IndexID=7341
4159	4245	General Practice	163WG0000X	http://codelists.wpc-edi.com/wpc_properties.asp?IndexID=7340
4159	4500	Gerontology	163WG0600X	http://codelists.wpc-edi.com/wpc_properties.asp?IndexID=7342
4159	4505	Hemodialysis	163WH0500X	http://codelists.wpc-edi.com/wpc_properties.asp?IndexID=7344
114	130	Medical Toxicology	207PT0002X	http://codelists.wpc-edi.com/wpc_properties.asp?IndexID=7598
114	135	Pediatric Emergency Medicine	207PP0204X	http://codelists.wpc-edi.com/wpc_properties.asp?IndexID=10135
114	140	Sports Medicine	207PS0010X	http://codelists.wpc-edi.com/wpc_properties.asp?IndexID=7560
114	145	Undersea and Hyperbaric Medicine	207PE0005X	http://codelists.wpc-edi.com/wpc_properties.asp?IndexID=10029
150	156	Addiction Medicine	207QA0401X	http://codelists.wpc-edi.com/wpc_properties.asp?IndexID=7414
150	161	Adolescent Medicine	207QA0000X	http://codelists.wpc-edi.com/wpc_properties.asp?IndexID=7403
150	166	Adult Medicine	207QA0505X	http://codelists.wpc-edi.com/wpc_properties.asp?IndexID=10142
150	171	Bariatric Medicine	207QB0002X	http://codelists.wpc-edi.com/wpc_properties.asp?IndexID=10238
150	176	Geriatric Medicine	207QG0300X	http://codelists.wpc-edi.com/wpc_properties.asp?IndexID=7455
150	181	Hospice and Palliative Medicine	207QH0002X	http://codelists.wpc-edi.com/wpc_properties.asp?IndexID=10216
150	186	Sleep Medicine	207QS1201X	http://codelists.wpc-edi.com/wpc_properties.asp?IndexID=10259
150	191	Sports Medicine	207QS0010X	http://codelists.wpc-edi.com/wpc_properties.asp?IndexID=7561
212	218	Addiction Medicine	207RA0401X	http://codelists.wpc-edi.com/wpc_properties.asp?IndexID=7442
212	223	Adolescent Medicine	207RA0000X	http://codelists.wpc-edi.com/wpc_properties.asp?IndexID=7404
212	228	Allergy & Immunology	207RA0201X	http://codelists.wpc-edi.com/wpc_properties.asp?IndexID=7410
212	233	Bariatric Medicine	207RB0002X	http://codelists.wpc-edi.com/wpc_properties.asp?IndexID=10239
212	238	Cardiovascular Disease	207RC0000X	http://codelists.wpc-edi.com/wpc_properties.asp?IndexID=7422
212	243	Clinical & Laboratory Immunology	207RI0001X	http://codelists.wpc-edi.com/wpc_properties.asp?IndexID=7463
212	248	Clinical Cardiac Electrophysiology	207RC0001X	http://codelists.wpc-edi.com/wpc_properties.asp?IndexID=7423
212	753	Critical Care Medicine	207RC0200X	http://codelists.wpc-edi.com/wpc_properties.asp?IndexID=7427
212	758	Endocrinology, Diabetes & Metabolism	207RE0101X	http://codelists.wpc-edi.com/wpc_properties.asp?IndexID=10101
212	763	Gastroenterology	207RG0100X	http://codelists.wpc-edi.com/wpc_properties.asp?IndexID=7448
212	768	Geriatric Medicine	207RG0300X	http://codelists.wpc-edi.com/wpc_properties.asp?IndexID=7457
212	773	Hematology	207RH0000X	http://codelists.wpc-edi.com/wpc_properties.asp?IndexID=7460
212	778	Hematology & Oncology	207RH0003X	http://codelists.wpc-edi.com/wpc_properties.asp?IndexID=8016
212	783	Hepatology	207RI0008X	http://codelists.wpc-edi.com/wpc_properties.asp?IndexID=10002
212	788	Hospice and Palliative Medicine	207RH0002X	http://codelists.wpc-edi.com/wpc_properties.asp?IndexID=10218
212	793	Infectious Disease	207RI0200X	http://codelists.wpc-edi.com/wpc_properties.asp?IndexID=7471
212	798	Interventional Cardiology	207RI0011X	http://codelists.wpc-edi.com/wpc_properties.asp?IndexID=10017
212	803	Magnetic Resonance Imaging (MRI)	207RM1200X	http://codelists.wpc-edi.com/wpc_properties.asp?IndexID=10106
212	808	Medical Oncology	207RX0202X	http://codelists.wpc-edi.com/wpc_properties.asp?IndexID=7610
212	813	Nephrology	207RN0300X	http://codelists.wpc-edi.com/wpc_properties.asp?IndexID=7483
212	818	Pulmonary Disease	207RP1001X	http://codelists.wpc-edi.com/wpc_properties.asp?IndexID=10007
212	823	Rheumatology	207RR0500X	http://codelists.wpc-edi.com/wpc_properties.asp?IndexID=7555
212	828	Sleep Medicine	207RS0012X	http://codelists.wpc-edi.com/wpc_properties.asp?IndexID=10194
5265	5286	Contractor	171W00000X	http://codelists.wpc-edi.com/wpc_properties.asp?IndexID=8058
5265	5302	Driver	172A00000X	http://codelists.wpc-edi.com/wpc_properties.asp?IndexID=8059
5265	5307	Funeral Director	176P00000X	http://codelists.wpc-edi.com/wpc_properties.asp?IndexID=8210
5265	5312	Genetic Counselor, MS	170300000X	http://codelists.wpc-edi.com/wpc_properties.asp?IndexID=10176
5265	5317	Health Educator	174H00000X	http://codelists.wpc-edi.com/wpc_properties.asp?IndexID=10273
5265	5323	Homeopath	175L00000X	http://codelists.wpc-edi.com/wpc_properties.asp?IndexID=8185
5265	5328	Interpreter	171R00000X	http://codelists.wpc-edi.com/wpc_properties.asp?IndexID=10203
5265	5333	Legal Medicine	173000000X	http://codelists.wpc-edi.com/wpc_properties.asp?IndexID=8133
5265	5338	Lodging	177F00000X	http://codelists.wpc-edi.com/wpc_properties.asp?IndexID=10084
5265	5343	Mechanotherapist	172M00000X	http://codelists.wpc-edi.com/wpc_properties.asp?IndexID=10233
5265	5348	Medical Genetics, Ph.D. Medical Genetics	170100000X	http://codelists.wpc-edi.com/wpc_properties.asp?IndexID=10039
5265	5353	Midwife	176B00000X	http://codelists.wpc-edi.com/wpc_properties.asp?IndexID=8241
5265	5358	Midwife, Lay	175M00000X	http://codelists.wpc-edi.com/wpc_properties.asp?IndexID=8186
5265	5363	Military Health Care Provider	171000000X	http://codelists.wpc-edi.com/wpc_properties.asp?IndexID=10177
5265	5379	Naprapath	172P00000X	http://codelists.wpc-edi.com/wpc_properties.asp?IndexID=10234
5265	5384	Naturopath	175F00000X	http://codelists.wpc-edi.com/wpc_properties.asp?IndexID=8184
5265	5389	Reflexologist	173C00000X	http://codelists.wpc-edi.com/wpc_properties.asp?IndexID=10254
5265	5394	Sleep Specialist, PhD	173F00000X	http://codelists.wpc-edi.com/wpc_properties.asp?IndexID=10255
5265	5399	Specialist	174400000X	http://codelists.wpc-edi.com/wpc_properties.asp?IndexID=8060
3321	3373	Rehabilitation	111NR0400X	http://codelists.wpc-edi.com/wpc_properties.asp?IndexID=10200
3321	3378	Sports Physician	111NS0005X	http://codelists.wpc-edi.com/wpc_properties.asp?IndexID=7283
3321	3384	Thermography	111NT0100X	http://codelists.wpc-edi.com/wpc_properties.asp?IndexID=7284
3389	3395	Dental Assistant	126800000X	http://codelists.wpc-edi.com/wpc_properties.asp?IndexID=8198
3389	3400	Dental Hygienist	124Q00000X	http://codelists.wpc-edi.com/wpc_properties.asp?IndexID=8163
3389	3405	Dental Laboratory Technician	126900000X	http://codelists.wpc-edi.com/wpc_properties.asp?IndexID=8199
3389	3410	Dentist	122300000X	http://codelists.wpc-edi.com/wpc_properties.asp?IndexID=8044
3389	3466	Denturist	122400000X	http://codelists.wpc-edi.com/wpc_properties.asp?IndexID=10151
3410	3416	Dental Public Health	1223D0001X	http://codelists.wpc-edi.com/wpc_properties.asp?IndexID=7288
3410	3421	Endodontics	1223E0200X	http://codelists.wpc-edi.com/wpc_properties.asp?IndexID=7289
3410	3426	General Practice	1223G0001X	http://codelists.wpc-edi.com/wpc_properties.asp?IndexID=10072
3410	3431	Oral and Maxillofacial Pathology	1223P0106X	http://codelists.wpc-edi.com/wpc_properties.asp?IndexID=7291
3410	3436	Oral and Maxillofacial Radiology	1223X0008X	http://codelists.wpc-edi.com/wpc_properties.asp?IndexID=10073
3410	3441	Oral and Maxillofacial Surgery	1223S0112X	http://codelists.wpc-edi.com/wpc_properties.asp?IndexID=7297
3410	3446	Orthodontics and Dentofacial Orthopedics	1223X0400X	http://codelists.wpc-edi.com/wpc_properties.asp?IndexID=7298
3410	3451	Pediatric Dentistry 	1223P0221X	http://codelists.wpc-edi.com/wpc_properties.asp?IndexID=7292
3410	3456	Periodontics	1223P0300X	http://codelists.wpc-edi.com/wpc_properties.asp?IndexID=7293
3410	3461	Prosthodontics	1223P0700X	http://codelists.wpc-edi.com/wpc_properties.asp?IndexID=7294
3471	3477	Dietary Manager	132700000X	http://codelists.wpc-edi.com/wpc_properties.asp?IndexID=8047
3471	3482	Dietetic Technician, Registered	136A00000X	http://codelists.wpc-edi.com/wpc_properties.asp?IndexID=8200
3471	3487	Dietitian, Registered	133V00000X	http://codelists.wpc-edi.com/wpc_properties.asp?IndexID=8049
3471	4008	Nutritionist	133N00000X	http://codelists.wpc-edi.com/wpc_properties.asp?IndexID=8048
3487	3493	Nutrition, Metabolic	133VN1006X	http://codelists.wpc-edi.com/wpc_properties.asp?IndexID=7306
3487	3498	Nutrition, Pediatric	133VN1004X	http://codelists.wpc-edi.com/wpc_properties.asp?IndexID=7304
3487	4003	Nutrition, Renal	133VN1005X	http://codelists.wpc-edi.com/wpc_properties.asp?IndexID=7305
4008	4014	Nutrition, Education	133NN1002X	http://codelists.wpc-edi.com/wpc_properties.asp?IndexID=7303
4019	4025	Emergency Medical Technician, Basic	146N00000X	http://codelists.wpc-edi.com/wpc_properties.asp?IndexID=8209
4019	4030	Emergency Medical Technician, Intermediate	146M00000X	http://codelists.wpc-edi.com/wpc_properties.asp?IndexID=8208
4019	4035	Emergency Medical Technician, Paramedic	146L00000X	http://codelists.wpc-edi.com/wpc_properties.asp?IndexID=8207
4019	4040	Personal Emergency Response Attendant	146D00000X	http://codelists.wpc-edi.com/wpc_properties.asp?IndexID=10152
4045	4051	Optometrist	152W00000X	http://codelists.wpc-edi.com/wpc_properties.asp?IndexID=8031
4045	4087	Technician/Technologist	156F00000X	http://codelists.wpc-edi.com/wpc_properties.asp?IndexID=8033
4051	4057	Corneal and Contact Management	152WC0802X	http://codelists.wpc-edi.com/wpc_properties.asp?IndexID=7233
4051	4062	Low Vision Rehabilitation	152WL0500X	http://codelists.wpc-edi.com/wpc_properties.asp?IndexID=7234
4051	4067	Occupational Vision	152WX0102X	http://codelists.wpc-edi.com/wpc_properties.asp?IndexID=7238
4051	4072	Pediatrics	152WP0200X	http://codelists.wpc-edi.com/wpc_properties.asp?IndexID=7235
4051	4077	Sports Vision	152WS0006X	http://codelists.wpc-edi.com/wpc_properties.asp?IndexID=7236
4051	4082	Vision Therapy	152WV0400X	http://codelists.wpc-edi.com/wpc_properties.asp?IndexID=7237
4087	4093	Contact Lens	156FC0800X	http://codelists.wpc-edi.com/wpc_properties.asp?IndexID=7241
4087	4098	Contact Lens Fitter	156FC0801X	http://codelists.wpc-edi.com/wpc_properties.asp?IndexID=7242
4087	4103	Ocularist	156FX1700X	http://codelists.wpc-edi.com/wpc_properties.asp?IndexID=7247
4087	4108	Ophthalmic	156FX1100X	http://codelists.wpc-edi.com/wpc_properties.asp?IndexID=7243
4087	4113	Ophthalmic Assistant	156FX1101X	http://codelists.wpc-edi.com/wpc_properties.asp?IndexID=7244
4087	4118	Optician	156FX1800X	http://codelists.wpc-edi.com/wpc_properties.asp?IndexID=7248
4087	4123	Optometric Assistant	156FX1201X	http://codelists.wpc-edi.com/wpc_properties.asp?IndexID=7245
4087	4128	Optometric Technician	156FX1202X	http://codelists.wpc-edi.com/wpc_properties.asp?IndexID=7246
4087	4133	Orthoptist	156FX1900X	http://codelists.wpc-edi.com/wpc_properties.asp?IndexID=7249
4138	4144	Licensed Practical Nurse	164W00000X	http://codelists.wpc-edi.com/wpc_properties.asp?IndexID=8167
4138	4149	Licensed Psychiatric Technician	167G00000X	http://codelists.wpc-edi.com/wpc_properties.asp?IndexID=10085
4138	4154	Licensed Vocational Nurse	164X00000X	http://codelists.wpc-edi.com/wpc_properties.asp?IndexID=8168
4138	4159	Registered Nurse	163W00000X	http://codelists.wpc-edi.com/wpc_properties.asp?IndexID=8055
4159	4165	Addiction (Substance Use Disorder)	163WA0400X	http://codelists.wpc-edi.com/wpc_properties.asp?IndexID=7321
5936	6252	Perinatal	363LP1700X	http://codelists.wpc-edi.com/wpc_properties.asp?IndexID=7945
5936	6257	Primary Care	363LP2300X	http://codelists.wpc-edi.com/wpc_properties.asp?IndexID=7946
5936	6262	Psychiatric/Mental Health	363LP0808X	http://codelists.wpc-edi.com/wpc_properties.asp?IndexID=7944
5936	6267	School	363LS0200X	http://codelists.wpc-edi.com/wpc_properties.asp?IndexID=7947
5936	6272	Women's Health	363LW0102X	http://codelists.wpc-edi.com/wpc_properties.asp?IndexID=7948
6277	6283	Medical	363AM0700X	http://codelists.wpc-edi.com/wpc_properties.asp?IndexID=7931
6277	6288	Surgical	363AS0400X	http://codelists.wpc-edi.com/wpc_properties.asp?IndexID=7932
6293	6299	Assistant, Podiatric	211D00000X	http://codelists.wpc-edi.com/wpc_properties.asp?IndexID=8243
6293	6304	Podiatrist	213E00000X	http://codelists.wpc-edi.com/wpc_properties.asp?IndexID=8069
6304	6310	Foot & Ankle Surgery	213ES0103X	http://codelists.wpc-edi.com/wpc_properties.asp?IndexID=7626
6304	6315	Foot Surgery	213ES0131X	http://codelists.wpc-edi.com/wpc_properties.asp?IndexID=7627
6304	6320	General Practice	213EG0000X	http://codelists.wpc-edi.com/wpc_properties.asp?IndexID=7620
6304	6326	Primary Podiatric Medicine	213EP1101X	http://codelists.wpc-edi.com/wpc_properties.asp?IndexID=7623
6304	6331	Public Medicine	213EP0504X	http://codelists.wpc-edi.com/wpc_properties.asp?IndexID=7622
6304	6336	Radiology	213ER0200X	http://codelists.wpc-edi.com/wpc_properties.asp?IndexID=7624
6304	6341	Sports Medicine	213ES0000X	http://codelists.wpc-edi.com/wpc_properties.asp?IndexID=7625
6346	6352	Anaplastologist	229N00000X	http://codelists.wpc-edi.com/wpc_properties.asp?IndexID=10205
6346	6357	Art Therapist	221700000X	http://codelists.wpc-edi.com/wpc_properties.asp?IndexID=8244
6346	6362	Dance Therapist	225600000X	http://codelists.wpc-edi.com/wpc_properties.asp?IndexID=8175
6346	6367	Developmental Therapist	222Q00000X	http://codelists.wpc-edi.com/wpc_properties.asp?IndexID=10235
6346	6372	Kinesiotherapist	226300000X	http://codelists.wpc-edi.com/wpc_properties.asp?IndexID=8195
6346	6377	Massage Therapist	225700000X	http://codelists.wpc-edi.com/wpc_properties.asp?IndexID=8176
6346	6382	Music Therapist	225A00000X	http://codelists.wpc-edi.com/wpc_properties.asp?IndexID=8179
6346	6387	Occupational Therapist	225X00000X	http://codelists.wpc-edi.com/wpc_properties.asp?IndexID=8079
6346	6453	Occupational Therapy Assistant	224Z00000X	http://codelists.wpc-edi.com/wpc_properties.asp?IndexID=8169
6346	6479	Orthotics/Prosthetics Fitter	225000000X	http://codelists.wpc-edi.com/wpc_properties.asp?IndexID=8170
6346	6484	Orthotist	222Z00000X	http://codelists.wpc-edi.com/wpc_properties.asp?IndexID=8132
6346	6489	Physical Therapist	225100000X	http://codelists.wpc-edi.com/wpc_properties.asp?IndexID=8075
6346	7045	Physical Therapy Assistant	225200000X	http://codelists.wpc-edi.com/wpc_properties.asp?IndexID=8172
6346	7050	Prosthetist	224P00000X	http://codelists.wpc-edi.com/wpc_properties.asp?IndexID=8162
6346	7055	Pulmonary Function Technologist	225B00000X	http://codelists.wpc-edi.com/wpc_properties.asp?IndexID=8180
6346	7060	Recreation Therapist	225800000X	http://codelists.wpc-edi.com/wpc_properties.asp?IndexID=8177
6346	7065	Rehabilitation Counselor	225C00000X	http://codelists.wpc-edi.com/wpc_properties.asp?IndexID=8078
6346	7086	Rehabilitation Practitioner	225400000X	http://codelists.wpc-edi.com/wpc_properties.asp?IndexID=8173
6346	7091	Respiratory Therapist, Certified	227800000X	http://codelists.wpc-edi.com/wpc_properties.asp?IndexID=8120
6346	7162	Respiratory Therapist, Registered	227900000X	http://codelists.wpc-edi.com/wpc_properties.asp?IndexID=8119
6346	7233	Specialist/Technologist	225500000X	http://codelists.wpc-edi.com/wpc_properties.asp?IndexID=8076
6387	6393	Driving and Community Mobility	225XR0403X	http://codelists.wpc-edi.com/wpc_properties.asp?IndexID=7687
6387	6398	Environmental Modification 	225XE0001X	http://codelists.wpc-edi.com/wpc_properties.asp?IndexID=10263
6387	6403	Ergonomics	225XE1200X	http://codelists.wpc-edi.com/wpc_properties.asp?IndexID=7682
6387	6408	Feeding, Eating & Swallowing	225XF0002X	http://codelists.wpc-edi.com/wpc_properties.asp?IndexID=10264
6387	6413	Gerontology	225XG0600X	http://codelists.wpc-edi.com/wpc_properties.asp?IndexID=10260
6387	6418	Hand	225XH1200X	http://codelists.wpc-edi.com/wpc_properties.asp?IndexID=7683
6387	6423	Human Factors	225XH1300X	http://codelists.wpc-edi.com/wpc_properties.asp?IndexID=7684
6387	6428	Low Vision	225XL0004X	http://codelists.wpc-edi.com/wpc_properties.asp?IndexID=10265
6387	6433	Mental Health	225XM0800X	http://codelists.wpc-edi.com/wpc_properties.asp?IndexID=10261
6387	6438	Neurorehabilitation	225XN1300X	http://codelists.wpc-edi.com/wpc_properties.asp?IndexID=7685
6387	6443	Pediatrics	225XP0200X	http://codelists.wpc-edi.com/wpc_properties.asp?IndexID=7686
6387	6448	Physical Rehabilitation	225XP0019X	http://codelists.wpc-edi.com/wpc_properties.asp?IndexID=10262
6453	6459	Driving and Community Mobility	224ZR0403X	http://codelists.wpc-edi.com/wpc_properties.asp?IndexID=10268
6453	6464	Environmental Modification 	224ZE0001X	http://codelists.wpc-edi.com/wpc_properties.asp?IndexID=10269
6453	6469	Feeding, Eating & Swallowing	224ZF0002X	http://codelists.wpc-edi.com/wpc_properties.asp?IndexID=10266
6453	6474	Low Vision	224ZL0004X	http://codelists.wpc-edi.com/wpc_properties.asp?IndexID=10267
6489	6495	Cardiopulmonary	2251C2600X	http://codelists.wpc-edi.com/wpc_properties.asp?IndexID=7666
6489	7000	Electrophysiology, Clinical	2251E1300X	http://codelists.wpc-edi.com/wpc_properties.asp?IndexID=7668
6489	7005	Ergonomics	2251E1200X	http://codelists.wpc-edi.com/wpc_properties.asp?IndexID=7667
6489	7010	Geriatrics	2251G0304X	http://codelists.wpc-edi.com/wpc_properties.asp?IndexID=7669
6489	7015	Hand	2251H1200X	http://codelists.wpc-edi.com/wpc_properties.asp?IndexID=7670
6489	7020	Human Factors	2251H1300X	http://codelists.wpc-edi.com/wpc_properties.asp?IndexID=7671
6489	7025	Neurology	2251N0400X	http://codelists.wpc-edi.com/wpc_properties.asp?IndexID=7672
6489	7030	Orthopedic	2251X0800X	http://codelists.wpc-edi.com/wpc_properties.asp?IndexID=7675
6489	7035	Pediatrics	2251P0200X	http://codelists.wpc-edi.com/wpc_properties.asp?IndexID=7673
6489	7040	Sports	2251S0007X	http://codelists.wpc-edi.com/wpc_properties.asp?IndexID=7674
7065	7071	Assistive Technology Practitioner	225CA2400X	http://codelists.wpc-edi.com/wpc_properties.asp?IndexID=7679
7065	7076	Assistive Technology Supplier	225CA2500X	http://codelists.wpc-edi.com/wpc_properties.asp?IndexID=7680
7065	7081	Orientation and Mobility Training Provider	225CX0006X	http://codelists.wpc-edi.com/wpc_properties.asp?IndexID=10206
7091	7097	Critical Care	2278C0205X	http://codelists.wpc-edi.com/wpc_properties.asp?IndexID=10087
7091	7102	Educational	2278E1000X	http://codelists.wpc-edi.com/wpc_properties.asp?IndexID=8023
7091	7107	Emergency Care	2278E0002X	http://codelists.wpc-edi.com/wpc_properties.asp?IndexID=8022
7091	7112	General Care	2278G1100X	http://codelists.wpc-edi.com/wpc_properties.asp?IndexID=8019
7091	7117	Geriatric Care	2278G0305X	http://codelists.wpc-edi.com/wpc_properties.asp?IndexID=10088
7091	7122	Home Health	2278H0200X	http://codelists.wpc-edi.com/wpc_properties.asp?IndexID=8026
7091	7127	Neonatal/Pediatrics	2278P3900X	http://codelists.wpc-edi.com/wpc_properties.asp?IndexID=8028
7091	7132	Palliative/Hospice	2278P3800X	http://codelists.wpc-edi.com/wpc_properties.asp?IndexID=8025
7091	7137	Patient Transport	2278P4000X	http://codelists.wpc-edi.com/wpc_properties.asp?IndexID=8027
7091	7142	Pulmonary Diagnostics	2278P1004X	http://codelists.wpc-edi.com/wpc_properties.asp?IndexID=8020
7091	7147	Pulmonary Function Technologist	2278P1006X	http://codelists.wpc-edi.com/wpc_properties.asp?IndexID=10091
7091	7152	Pulmonary Rehabilitation	2278P1005X	http://codelists.wpc-edi.com/wpc_properties.asp?IndexID=8021
7091	7157	SNF/Subacute Care	2278S1500X	http://codelists.wpc-edi.com/wpc_properties.asp?IndexID=8024
7162	7168	Critical Care	2279C0205X	http://codelists.wpc-edi.com/wpc_properties.asp?IndexID=10089
7162	7173	Educational	2279E1000X	http://codelists.wpc-edi.com/wpc_properties.asp?IndexID=7996
7162	7178	Emergency Care	2279E0002X	http://codelists.wpc-edi.com/wpc_properties.asp?IndexID=7995
7162	7183	General Care	2279G1100X	http://codelists.wpc-edi.com/wpc_properties.asp?IndexID=7992
7162	7188	Geriatric Care	2279G0305X	http://codelists.wpc-edi.com/wpc_properties.asp?IndexID=10090
7162	7193	Home Health	2279H0200X	http://codelists.wpc-edi.com/wpc_properties.asp?IndexID=7999
7162	7198	Neonatal/Pediatrics	2279P3900X	http://codelists.wpc-edi.com/wpc_properties.asp?IndexID=8001
7162	7203	Palliative/Hospice	2279P3800X	http://codelists.wpc-edi.com/wpc_properties.asp?IndexID=7998
7162	7208	Patient Transport	2279P4000X	http://codelists.wpc-edi.com/wpc_properties.asp?IndexID=8000
7162	7213	Pulmonary Diagnostics	2279P1004X	http://codelists.wpc-edi.com/wpc_properties.asp?IndexID=7993
7162	7218	Pulmonary Function Technologist	2279P1006X	http://codelists.wpc-edi.com/wpc_properties.asp?IndexID=10092
7162	7223	Pulmonary Rehabilitation	2279P1005X	http://codelists.wpc-edi.com/wpc_properties.asp?IndexID=7994
7162	7228	SNF/Subacute Care	2279S1500X	http://codelists.wpc-edi.com/wpc_properties.asp?IndexID=7997
7233	7239	Athletic Trainer	2255A2300X	http://codelists.wpc-edi.com/wpc_properties.asp?IndexID=7676
7233	7244	Rehabilitation, Blind	2255R0406X	http://codelists.wpc-edi.com/wpc_properties.asp?IndexID=7677
7499	7505	Audiologist	231H00000X	http://codelists.wpc-edi.com/wpc_properties.asp?IndexID=8082
7499	7521	Audiologist-Hearing Aid Fitter	237600000X	http://codelists.wpc-edi.com/wpc_properties.asp?IndexID=8223
7499	7526	Hearing Instrument Specialist	237700000X	http://codelists.wpc-edi.com/wpc_properties.asp?IndexID=8224
7499	7531	Specialist/Technologist	235500000X	http://codelists.wpc-edi.com/wpc_properties.asp?IndexID=8084
7499	7547	Speech-Language Pathologist	235Z00000X	http://codelists.wpc-edi.com/wpc_properties.asp?IndexID=8194
7505	7511	Assistive Technology Practitioner	231HA2400X	http://codelists.wpc-edi.com/wpc_properties.asp?IndexID=7689
7505	7516	Assistive Technology Supplier	231HA2500X	http://codelists.wpc-edi.com/wpc_properties.asp?IndexID=7690
7531	7537	Audiology Assistant	2355A2700X	http://codelists.wpc-edi.com/wpc_properties.asp?IndexID=7695
7531	7542	Speech-Language Assistant	2355S0801X	http://codelists.wpc-edi.com/wpc_properties.asp?IndexID=7696
7552	7558	Student in an Organized Health Care Education/Training Program	390200000X	http://codelists.wpc-edi.com/wpc_properties.asp?IndexID=10174
7563	7569	Perfusionist	242T00000X	http://codelists.wpc-edi.com/wpc_properties.asp?IndexID=10236
7563	7574	Radiologic Technologist	247100000X	http://codelists.wpc-edi.com/wpc_properties.asp?IndexID=8096
7563	7645	Radiology Practitioner Assistant	243U00000X	http://codelists.wpc-edi.com/wpc_properties.asp?IndexID=10270
7563	7650	Specialist/Technologist Cardiovascular	246X00000X	http://codelists.wpc-edi.com/wpc_properties.asp?IndexID=8091
7563	7671	Specialist/Technologist, Health Information	246Y00000X	http://codelists.wpc-edi.com/wpc_properties.asp?IndexID=8093
7563	7692	Specialist/Technologist, Other	246Z00000X	http://codelists.wpc-edi.com/wpc_properties.asp?IndexID=8094
7563	8263	Specialist/Technologist, Pathology	246Q00000X	http://codelists.wpc-edi.com/wpc_properties.asp?IndexID=8089
7563	8324	Technician, Cardiology	246W00000X	http://codelists.wpc-edi.com/wpc_properties.asp?IndexID=8092
7563	8329	Technician, Health Information	247000000X	http://codelists.wpc-edi.com/wpc_properties.asp?IndexID=8095
7563	8340	Technician, Other	247200000X	http://codelists.wpc-edi.com/wpc_properties.asp?IndexID=8097
7563	8371	Technician, Pathology	246R00000X	http://codelists.wpc-edi.com/wpc_properties.asp?IndexID=8090
7574	7580	Bone Densitometry	2471B0102X	http://codelists.wpc-edi.com/wpc_properties.asp?IndexID=1061
7574	7585	Cardiac-Interventional Technology	2471C1106X	http://codelists.wpc-edi.com/wpc_properties.asp?IndexID=1059
7574	7590	Cardiovascular-Interventional Technology	2471C1101X	http://codelists.wpc-edi.com/wpc_properties.asp?IndexID=7825
7574	7595	Computed Tomography	2471C3401X	http://codelists.wpc-edi.com/wpc_properties.asp?IndexID=7826
7574	7600	Magnetic Resonance Imaging 	2471M1202X	http://codelists.wpc-edi.com/wpc_properties.asp?IndexID=7828
7574	7605	Mammography	2471M2300X	http://codelists.wpc-edi.com/wpc_properties.asp?IndexID=7829
2793	2799	Hospice and Palliative Medicine	2086H0002X	http://codelists.wpc-edi.com/wpc_properties.asp?IndexID=10228
2793	2804	Pediatric Surgery	2086S0120X	http://codelists.wpc-edi.com/wpc_properties.asp?IndexID=7583
2793	2809	Plastic and Reconstructive Surgery	2086S0122X	http://codelists.wpc-edi.com/wpc_properties.asp?IndexID=10157
2793	2814	Surgery of the Hand	2086S0105X	http://codelists.wpc-edi.com/wpc_properties.asp?IndexID=7569
2793	2819	Surgical Critical Care	2086S0102X	http://codelists.wpc-edi.com/wpc_properties.asp?IndexID=7566
2793	2824	Surgical Oncology	2086X0206X	http://codelists.wpc-edi.com/wpc_properties.asp?IndexID=10115
2793	2830	Trauma Surgery	2086S0127X	http://codelists.wpc-edi.com/wpc_properties.asp?IndexID=7590
2793	2835	Vascular Surgery	2086S0129X	http://codelists.wpc-edi.com/wpc_properties.asp?IndexID=7592
2850	2856	Pediatric Urology	2088P0231X	http://codelists.wpc-edi.com/wpc_properties.asp?IndexID=10199
2861	2867	Behavioral Analyst	103K00000X	http://codelists.wpc-edi.com/wpc_properties.asp?IndexID=10258
2861	2872	Clinical Neuropsychologist	103G00000X	http://codelists.wpc-edi.com/wpc_properties.asp?IndexID=8036
2861	2884	Counselor	101Y00000X	http://codelists.wpc-edi.com/wpc_properties.asp?IndexID=8035
2861	2915	Marriage & Family Therapist	106H00000X	http://codelists.wpc-edi.com/wpc_properties.asp?IndexID=10067
2861	2920	Poetry Therapist	102X00000X	http://codelists.wpc-edi.com/wpc_properties.asp?IndexID=10247
2861	2925	Psychoanalyst	102L00000X	http://codelists.wpc-edi.com/wpc_properties.asp?IndexID=10229
2861	2930	Psychologist	103T00000X	http://codelists.wpc-edi.com/wpc_properties.asp?IndexID=8038
2861	3295	Social Worker	104100000X	http://codelists.wpc-edi.com/wpc_properties.asp?IndexID=8039
2872	2878	Clinical	103GC0700X	http://codelists.wpc-edi.com/wpc_properties.asp?IndexID=7255
2884	2890	Addiction (Substance Use Disorder)	101YA0400X	http://codelists.wpc-edi.com/wpc_properties.asp?IndexID=7250
2884	2895	Mental Health	101YM0800X	http://codelists.wpc-edi.com/wpc_properties.asp?IndexID=7251
2884	2900	Pastoral	101YP1600X	http://codelists.wpc-edi.com/wpc_properties.asp?IndexID=7252
2884	2905	Professional	101YP2500X	http://codelists.wpc-edi.com/wpc_properties.asp?IndexID=7253
2884	2910	School	101YS0200X	http://codelists.wpc-edi.com/wpc_properties.asp?IndexID=7254
2930	2936	Addiction (Substance Use Disorder)	103TA0400X	http://codelists.wpc-edi.com/wpc_properties.asp?IndexID=7258
2930	2941	Adult Development & Aging	103TA0700X	http://codelists.wpc-edi.com/wpc_properties.asp?IndexID=7259
2930	2946	Clinical	103TC0700X	http://codelists.wpc-edi.com/wpc_properties.asp?IndexID=7261
2930	2951	Clinical Child & Adolescent	103TC2200X	http://codelists.wpc-edi.com/wpc_properties.asp?IndexID=7263
2930	2956	Cognitive & Behavioral	103TB0200X	http://codelists.wpc-edi.com/wpc_properties.asp?IndexID=7260
2930	2961	Counseling	103TC1900X	http://codelists.wpc-edi.com/wpc_properties.asp?IndexID=7262
2930	2966	Educational	103TE1000X	http://codelists.wpc-edi.com/wpc_properties.asp?IndexID=7264
2930	2972	Exercise & Sports	103TE1100X	http://codelists.wpc-edi.com/wpc_properties.asp?IndexID=7265
9552	9573	Rehabilitation Unit	273Y00000X	http://codelists.wpc-edi.com/wpc_properties.asp?IndexID=8153
9552	9578	Rehabilitation, Substance Use Disorder Unit	276400000X	http://codelists.wpc-edi.com/wpc_properties.asp?IndexID=8196
9583	9589	Christian Science Sanitorium	287300000X	http://codelists.wpc-edi.com/wpc_properties.asp?IndexID=8220
9583	9595	Chronic Disease Hospital	281P00000X	http://codelists.wpc-edi.com/wpc_properties.asp?IndexID=8103
9583	9606	General Acute Care Hospital	282N00000X	http://codelists.wpc-edi.com/wpc_properties.asp?IndexID=8104
9583	9632	Long Term Care Hospital	282E00000X	http://codelists.wpc-edi.com/wpc_properties.asp?IndexID=10211
9583	9637	Military Hospital	286500000X	http://codelists.wpc-edi.com/wpc_properties.asp?IndexID=8106
9583	9659	Psychiatric Hospital	283Q00000X	http://codelists.wpc-edi.com/wpc_properties.asp?IndexID=8146
9583	9664	Rehabilitation Hospital	283X00000X	http://codelists.wpc-edi.com/wpc_properties.asp?IndexID=8105
9583	9675	Religious Nonmedical Health Care Institution	282J00000X	http://codelists.wpc-edi.com/wpc_properties.asp?IndexID=10212
9583	9680	Special Hospital	284300000X	http://codelists.wpc-edi.com/wpc_properties.asp?IndexID=8156
9595	9601	Children	281PC2000X	http://codelists.wpc-edi.com/wpc_properties.asp?IndexID=7913
9606	9612	Children	282NC2000X	http://codelists.wpc-edi.com/wpc_properties.asp?IndexID=7914
9606	9617	Critical Access 	282NC0060X	http://codelists.wpc-edi.com/wpc_properties.asp?IndexID=9012
9606	9622	Rural	282NR1301X	http://codelists.wpc-edi.com/wpc_properties.asp?IndexID=7915
9606	9627	Women	282NW0100X	http://codelists.wpc-edi.com/wpc_properties.asp?IndexID=7916
9637	9643	Community Health	2865C1500X	http://codelists.wpc-edi.com/wpc_properties.asp?IndexID=7918
9637	9649	Military General Acute Care Hospital	2865M2000X	http://codelists.wpc-edi.com/wpc_properties.asp?IndexID=7919
9637	9654	Military General Acute Care Hospital. Operational (Transportable)	2865X1600X	http://codelists.wpc-edi.com/wpc_properties.asp?IndexID=7920
9664	9670	Children	283XC2000X	http://codelists.wpc-edi.com/wpc_properties.asp?IndexID=7917
9685	9691	Clinical Medical Laboratory	291U00000X	http://codelists.wpc-edi.com/wpc_properties.asp?IndexID=8230
9685	9696	Dental Laboratory	292200000X	http://codelists.wpc-edi.com/wpc_properties.asp?IndexID=8229
9685	9701	Military Clinical Medical Laboratory	291900000X	http://codelists.wpc-edi.com/wpc_properties.asp?IndexID=10171
9685	9706	Physiological Laboratory	293D00000X	http://codelists.wpc-edi.com/wpc_properties.asp?IndexID=8139
9711	9717	Exclusive Provider Organization	302F00000X	http://codelists.wpc-edi.com/wpc_properties.asp?IndexID=8231
9711	9722	Health Maintenance Organization	302R00000X	http://codelists.wpc-edi.com/wpc_properties.asp?IndexID=8232
9711	9727	Point of Service	305S00000X	http://codelists.wpc-edi.com/wpc_properties.asp?IndexID=8190
9711	9732	Preferred Provider Organization	305R00000X	http://codelists.wpc-edi.com/wpc_properties.asp?IndexID=8189
9737	9743	Alzheimer Center (Dementia Center)	311500000X	http://codelists.wpc-edi.com/wpc_properties.asp?IndexID=8233
9737	9748	Assisted Living Facility	310400000X	http://codelists.wpc-edi.com/wpc_properties.asp?IndexID=9025
9737	10264	Christian Science Facility	317400000X	http://codelists.wpc-edi.com/wpc_properties.asp?IndexID=8221
9737	10270	Custodial Care Facility	311Z00000X	http://codelists.wpc-edi.com/wpc_properties.asp?IndexID=8234
9737	10281	Hospice, Inpatient	315D00000X	http://codelists.wpc-edi.com/wpc_properties.asp?IndexID=8182
9737	10286	Intermediate Care Facility, Mental Illness 	310500000X	http://codelists.wpc-edi.com/wpc_properties.asp?IndexID=9028
9737	10291	Intermediate Care Facility, Mentally Retarded	315P00000X	http://codelists.wpc-edi.com/wpc_properties.asp?IndexID=8188
9737	10296	Nursing Facility/Intermediate Care Facility	313M00000X	http://codelists.wpc-edi.com/wpc_properties.asp?IndexID=8143
9737	10301	Skilled Nursing Facility	314000000X	http://codelists.wpc-edi.com/wpc_properties.asp?IndexID=8154
10248	10254	Assisted Living, Behavioral Disturbances	3104A0630X	http://codelists.wpc-edi.com/wpc_properties.asp?IndexID=9027
10248	10259	Assisted Living, Mental Illness	3104A0625X	http://codelists.wpc-edi.com/wpc_properties.asp?IndexID=9026
10270	10276	Adult Care Home	311ZA0620X	http://codelists.wpc-edi.com/wpc_properties.asp?IndexID=9024
10301	10307	Nursing Care, Pediatric	3140N1450X	http://codelists.wpc-edi.com/wpc_properties.asp?IndexID=9029
10312	10318	Community Based Residential Treatment Facility, Mental Illness	320800000X	http://codelists.wpc-edi.com/wpc_properties.asp?IndexID=9032
10483	10489	Clinic Pharmacy	3336C0002X	http://codelists.wpc-edi.com/wpc_properties.asp?IndexID=10184
10483	10494	Community/Retail Pharmacy	3336C0003X	http://codelists.wpc-edi.com/wpc_properties.asp?IndexID=10185
10483	10499	Compounding Pharmacy	3336C0004X	http://codelists.wpc-edi.com/wpc_properties.asp?IndexID=10213
10483	11004	Home Infusion Therapy Pharmacy	3336H0001X	http://codelists.wpc-edi.com/wpc_properties.asp?IndexID=10186
10483	11009	Institutional Pharmacy	3336I0012X	http://codelists.wpc-edi.com/wpc_properties.asp?IndexID=10187
10483	11014	Long Term Care Pharmacy	3336L0003X	http://codelists.wpc-edi.com/wpc_properties.asp?IndexID=10188
10483	11019	Mail Order Pharmacy	3336M0002X	http://codelists.wpc-edi.com/wpc_properties.asp?IndexID=10189
10483	11024	Managed Care Organization Pharmacy	3336M0003X	http://codelists.wpc-edi.com/wpc_properties.asp?IndexID=10190
10483	11029	Nuclear Pharmacy	3336N0007X	http://codelists.wpc-edi.com/wpc_properties.asp?IndexID=10191
10483	11034	Specialty Pharmacy	3336S0011X	http://codelists.wpc-edi.com/wpc_properties.asp?IndexID=10192
11049	11055	Ambulance	341600000X	http://codelists.wpc-edi.com/wpc_properties.asp?IndexID=8110
11049	11076	Bus	347B00000X	http://codelists.wpc-edi.com/wpc_properties.asp?IndexID=10079
11049	11081	Military/U.S. Coast Guard Transport	341800000X	http://codelists.wpc-edi.com/wpc_properties.asp?IndexID=10167
11049	11102	Non-emergency Medical Transport (VAN)	343900000X	http://codelists.wpc-edi.com/wpc_properties.asp?IndexID=8136
11049	11107	Private Vehicle	347C00000X	http://codelists.wpc-edi.com/wpc_properties.asp?IndexID=10080
11049	11112	Secured Medical Transport (VAN)	343800000X	http://codelists.wpc-edi.com/wpc_properties.asp?IndexID=10082
11049	11117	Taxi	344600000X	http://codelists.wpc-edi.com/wpc_properties.asp?IndexID=8159
11049	11122	Train	347D00000X	http://codelists.wpc-edi.com/wpc_properties.asp?IndexID=10081
11049	11127	Transportation Broker	347E00000X	http://codelists.wpc-edi.com/wpc_properties.asp?IndexID=10083
11055	11061	Air Transport	3416A0800X	http://codelists.wpc-edi.com/wpc_properties.asp?IndexID=7926
11055	11066	Land Transport	3416L0300X	http://codelists.wpc-edi.com/wpc_properties.asp?IndexID=7927
11055	11071	Water Transport	3416S0300X	http://codelists.wpc-edi.com/wpc_properties.asp?IndexID=7928
11081	11087	Military or U.S. Coast Guard Ambulance, Air Transport	3418M1120X	http://codelists.wpc-edi.com/wpc_properties.asp?IndexID=10169
11081	11092	Military or U.S. Coast Guard Ambulance, Ground Transport	3418M1110X	http://codelists.wpc-edi.com/wpc_properties.asp?IndexID=10168
11081	11097	Military or U.S. Coast Guard Ambulance, Water Transport	3418M1130X	http://codelists.wpc-edi.com/wpc_properties.asp?IndexID=10170
4159	4510	Home Health	163WH0200X	http://codelists.wpc-edi.com/wpc_properties.asp?IndexID=7343
4159	4515	Hospice	163WH1000X	http://codelists.wpc-edi.com/wpc_properties.asp?IndexID=7345
4159	4520	Infection Control	163WI0600X	http://codelists.wpc-edi.com/wpc_properties.asp?IndexID=7347
4159	4525	Infusion Therapy	163WI0500X	http://codelists.wpc-edi.com/wpc_properties.asp?IndexID=7346
4159	4530	Lactation Consultant	163WL0100X	http://codelists.wpc-edi.com/wpc_properties.asp?IndexID=7348
4159	4535	Maternal Newborn	163WM0102X	http://codelists.wpc-edi.com/wpc_properties.asp?IndexID=7349
4159	4540	Medical-Surgical	163WM0705X	http://codelists.wpc-edi.com/wpc_properties.asp?IndexID=7350
4159	4545	Neonatal Intensive Care	163WN0002X	http://codelists.wpc-edi.com/wpc_properties.asp?IndexID=7352
4159	4550	Neonatal, Low-Risk	163WN0003X	http://codelists.wpc-edi.com/wpc_properties.asp?IndexID=7353
4159	4555	Nephrology	163WN0300X	http://codelists.wpc-edi.com/wpc_properties.asp?IndexID=7354
4159	4560	Neuroscience	163WN0800X	http://codelists.wpc-edi.com/wpc_properties.asp?IndexID=7355
4159	4565	Nurse Massage Therapist (NMT)	163WM1400X	http://codelists.wpc-edi.com/wpc_properties.asp?IndexID=7351
4159	4570	Nutrition Support	163WN1003X	http://codelists.wpc-edi.com/wpc_properties.asp?IndexID=7356
4159	4575	Obstetric, High-Risk	163WX0002X	http://codelists.wpc-edi.com/wpc_properties.asp?IndexID=7373
4159	4580	Obstetric, Inpatient	163WX0003X	http://codelists.wpc-edi.com/wpc_properties.asp?IndexID=7374
4159	4585	Occupational Health	163WX0106X	http://codelists.wpc-edi.com/wpc_properties.asp?IndexID=7375
4159	4590	Oncology	163WX0200X	http://codelists.wpc-edi.com/wpc_properties.asp?IndexID=7376
4159	4595	Ophthalmic	163WX1100X	http://codelists.wpc-edi.com/wpc_properties.asp?IndexID=7380
4159	4600	Orthopedic	163WX0800X	http://codelists.wpc-edi.com/wpc_properties.asp?IndexID=7378
4159	4605	Ostomy Care	163WX1500X	http://codelists.wpc-edi.com/wpc_properties.asp?IndexID=7381
4159	4610	Otorhinolaryngology & Head-Neck	163WX0601X	http://codelists.wpc-edi.com/wpc_properties.asp?IndexID=7377
4159	4615	Pain Management	163WP0000X	http://codelists.wpc-edi.com/wpc_properties.asp?IndexID=7357
4159	4620	Pediatric Oncology	163WP0218X	http://codelists.wpc-edi.com/wpc_properties.asp?IndexID=7359
4159	4625	Pediatrics	163WP0200X	http://codelists.wpc-edi.com/wpc_properties.asp?IndexID=7358
4159	4630	Perinatal	163WP1700X	http://codelists.wpc-edi.com/wpc_properties.asp?IndexID=7363
4159	4635	Plastic Surgery	163WS0121X	http://codelists.wpc-edi.com/wpc_properties.asp?IndexID=7368
4159	4640	Psychiatric/Mental Health	163WP0808X	http://codelists.wpc-edi.com/wpc_properties.asp?IndexID=7361
4159	4645	Psychiatric/Mental Health, Adult	163WP0809X	http://codelists.wpc-edi.com/wpc_properties.asp?IndexID=7362
4159	4650	Psychiatric/Mental Health, Child & Adolescent	163WP0807X	http://codelists.wpc-edi.com/wpc_properties.asp?IndexID=7360
5265	5425	Veterinarian	174M00000X	http://codelists.wpc-edi.com/wpc_properties.asp?IndexID=8061
5286	5292	Home Modifications	171WH0202X	http://codelists.wpc-edi.com/wpc_properties.asp?IndexID=7385
5286	5297	Vehicle Modifications	171WV0202X	http://codelists.wpc-edi.com/wpc_properties.asp?IndexID=10154
5363	5369	Independent Duty Corpsman	1710I1002X	http://codelists.wpc-edi.com/wpc_properties.asp?IndexID=10178
7574	7610	Nuclear Medicine Technology	2471N0900X	http://codelists.wpc-edi.com/wpc_properties.asp?IndexID=7830
7574	7615	Quality Management	2471Q0001X	http://codelists.wpc-edi.com/wpc_properties.asp?IndexID=7831
7574	7620	Radiation Therapy	2471R0002X	http://codelists.wpc-edi.com/wpc_properties.asp?IndexID=7833
7574	7625	Radiography	2471C3402X	http://codelists.wpc-edi.com/wpc_properties.asp?IndexID=7823
7574	7630	Sonography	2471S1302X	http://codelists.wpc-edi.com/wpc_properties.asp?IndexID=7836
7574	7635	Vascular Sonography	2471V0105X	http://codelists.wpc-edi.com/wpc_properties.asp?IndexID=1058
7574	7640	Vascular-Interventional Technology	2471V0106X	http://codelists.wpc-edi.com/wpc_properties.asp?IndexID=1060
7650	7656	Cardiovascular Invasive Specialist	246XC2901X	http://codelists.wpc-edi.com/wpc_properties.asp?IndexID=7794
7650	7661	Sonography	246XS1301X	http://codelists.wpc-edi.com/wpc_properties.asp?IndexID=7798
7650	7666	Vascular Specialist	246XC2903X	http://codelists.wpc-edi.com/wpc_properties.asp?IndexID=7796
7671	7677	Coding Specialist, Hospital Based	246YC3301X	http://codelists.wpc-edi.com/wpc_properties.asp?IndexID=7805
8399	8470	Supports Brokerage	251X00000X	http://codelists.wpc-edi.com/wpc_properties.asp?IndexID=10209
8399	8475	Voluntary or Charitable	251V00000X	http://codelists.wpc-edi.com/wpc_properties.asp?IndexID=7989
8480	8486	Clinic/Center	261Q00000X	http://codelists.wpc-edi.com/wpc_properties.asp?IndexID=8101
8486	8492	Adolescent and Children Mental Health	261QM0855X	http://codelists.wpc-edi.com/wpc_properties.asp?IndexID=9006
8486	8497	Adult Day Care	261QA0600X	http://codelists.wpc-edi.com/wpc_properties.asp?IndexID=7847
8486	9002	Adult Mental Health 	261QM0850X	http://codelists.wpc-edi.com/wpc_properties.asp?IndexID=9005
8486	9007	Ambulatory Family Planning Facility 	261QA0005X	http://codelists.wpc-edi.com/wpc_properties.asp?IndexID=10034
8486	9012	Ambulatory Fertility Facility 	261QA0006X	http://codelists.wpc-edi.com/wpc_properties.asp?IndexID=10035
8486	9017	Ambulatory Surgical	261QA1903X	http://codelists.wpc-edi.com/wpc_properties.asp?IndexID=7849
8486	9022	Amputee 	261QA0900X	http://codelists.wpc-edi.com/wpc_properties.asp?IndexID=9008
8486	9027	Augmentative Communication 	261QA3000X	http://codelists.wpc-edi.com/wpc_properties.asp?IndexID=9000
8486	9032	Birthing	261QB0400X	http://codelists.wpc-edi.com/wpc_properties.asp?IndexID=7850
8486	9037	Community Health	261QC1500X	http://codelists.wpc-edi.com/wpc_properties.asp?IndexID=7851
8486	9042	Corporate Health	261QC1800X	http://codelists.wpc-edi.com/wpc_properties.asp?IndexID=7852
8486	9047	Critical Access Hospital 	261QC0050X	http://codelists.wpc-edi.com/wpc_properties.asp?IndexID=9011
8486	9052	Dental	261QD0000X	http://codelists.wpc-edi.com/wpc_properties.asp?IndexID=7853
8486	9057	Developmental Disabilities 	261QD1600X	http://codelists.wpc-edi.com/wpc_properties.asp?IndexID=9002
8486	9062	Emergency Care	261QE0002X	http://codelists.wpc-edi.com/wpc_properties.asp?IndexID=7854
8486	9067	Endoscopy	261QE0800X	http://codelists.wpc-edi.com/wpc_properties.asp?IndexID=7856
8486	9072	End-Stage Renal Disease (ESRD) Treatment	261QE0700X	http://codelists.wpc-edi.com/wpc_properties.asp?IndexID=7855
8486	9077	Family Planning, Non-Surgical	261QF0050X	http://codelists.wpc-edi.com/wpc_properties.asp?IndexID=9003
8486	9082	Federally Qualified Health Center (FQHC)	261QF0400X	http://codelists.wpc-edi.com/wpc_properties.asp?IndexID=7857
8486	9087	Genetics 	261QG0250X	http://codelists.wpc-edi.com/wpc_properties.asp?IndexID=9004
8486	9092	Health Service	261QH0100X	http://codelists.wpc-edi.com/wpc_properties.asp?IndexID=7858
8486	9097	Hearing and Speech	261QH0700X	http://codelists.wpc-edi.com/wpc_properties.asp?IndexID=9009
8486	9102	Infusion Therapy	261QI0500X	http://codelists.wpc-edi.com/wpc_properties.asp?IndexID=7860
8486	9107	Lithotripsy	261QL0400X	http://codelists.wpc-edi.com/wpc_properties.asp?IndexID=7861
8486	9112	Magnetic Resonance Imaging (MRI)	261QM1200X	http://codelists.wpc-edi.com/wpc_properties.asp?IndexID=7867
8486	9117	Medical Specialty 	261QM2500X	http://codelists.wpc-edi.com/wpc_properties.asp?IndexID=9007
8486	9122	Medically Fragile Infants and Children Day Care	261QM3000X	http://codelists.wpc-edi.com/wpc_properties.asp?IndexID=9001
8486	9127	Mental Health (Including Community Mental Health Center)	261QM0801X	http://codelists.wpc-edi.com/wpc_properties.asp?IndexID=7862
8486	9132	Methadone 	261QM2800X	http://codelists.wpc-edi.com/wpc_properties.asp?IndexID=9010
8486	9137	Migrant Health	261QM1000X	http://codelists.wpc-edi.com/wpc_properties.asp?IndexID=7863
8486	9142	Military Ambulatory Procedure Visits Operational (Transportable)	261QM1103X	http://codelists.wpc-edi.com/wpc_properties.asp?IndexID=10166
8486	9147	Military and U.S. Coast Guard Ambulatory Procedure	261QM1101X	http://codelists.wpc-edi.com/wpc_properties.asp?IndexID=7865
8486	9152	Military Outpatient Operational (Transportable) Component	261QM1102X	http://codelists.wpc-edi.com/wpc_properties.asp?IndexID=7866
8486	9157	Military/U.S. Coast Guard Outpatient	261QM1100X	http://codelists.wpc-edi.com/wpc_properties.asp?IndexID=7864
8486	9162	Multi-Specialty	261QM1300X	http://codelists.wpc-edi.com/wpc_properties.asp?IndexID=7868
8486	9167	Occupational Medicine	261QX0100X	http://codelists.wpc-edi.com/wpc_properties.asp?IndexID=7895
8486	9172	Oncology	261QX0200X	http://codelists.wpc-edi.com/wpc_properties.asp?IndexID=9016
8486	9177	Oncology, Radiation	261QX0203X	http://codelists.wpc-edi.com/wpc_properties.asp?IndexID=7896
8486	9182	Ophthalmologic Surgery	261QS0132X	http://codelists.wpc-edi.com/wpc_properties.asp?IndexID=7890
8486	9187	Oral and Maxillofacial Surgery	261QS0112X	http://codelists.wpc-edi.com/wpc_properties.asp?IndexID=7889
8486	9192	Pain	261QP3300X	http://codelists.wpc-edi.com/wpc_properties.asp?IndexID=7876
8486	9197	Physical Therapy	261QP2000X	http://codelists.wpc-edi.com/wpc_properties.asp?IndexID=7873
8486	9202	Podiatric	261QP1100X	http://codelists.wpc-edi.com/wpc_properties.asp?IndexID=7872
8486	9207	Primary Care	261QP2300X	http://codelists.wpc-edi.com/wpc_properties.asp?IndexID=7874
8486	9212	Prison Health	261QP2400X	http://codelists.wpc-edi.com/wpc_properties.asp?IndexID=7875
8486	9217	Public Health, Federal	261QP0904X	http://codelists.wpc-edi.com/wpc_properties.asp?IndexID=7870
8486	9222	Public Health, State or Local	261QP0905X	http://codelists.wpc-edi.com/wpc_properties.asp?IndexID=7871
8486	9227	Radiology	261QR0200X	http://codelists.wpc-edi.com/wpc_properties.asp?IndexID=7878
8486	9232	Radiology, Mammography	261QR0206X	http://codelists.wpc-edi.com/wpc_properties.asp?IndexID=7879
8486	9237	Radiology, Mobile	261QR0208X	http://codelists.wpc-edi.com/wpc_properties.asp?IndexID=7881
8486	9242	Radiology, Mobile Mammography	261QR0207X	http://codelists.wpc-edi.com/wpc_properties.asp?IndexID=7880
8486	9247	Recovery Care	261QR0800X	http://codelists.wpc-edi.com/wpc_properties.asp?IndexID=7886
8486	9502	Rehabilitation	261QR0400X	http://codelists.wpc-edi.com/wpc_properties.asp?IndexID=7882
8486	9507	Rehabilitation, Cardiac Facilities	261QR0404X	http://codelists.wpc-edi.com/wpc_properties.asp?IndexID=7884
8486	9512	Rehabilitation, Comprehensive Outpatient Rehabilitation Facility (CORF)	261QR0401X	http://codelists.wpc-edi.com/wpc_properties.asp?IndexID=7883
8486	9517	Rehabilitation, Substance Use Disorder	261QR0405X	http://codelists.wpc-edi.com/wpc_properties.asp?IndexID=7885
8486	9522	Research	261QR1100X	http://codelists.wpc-edi.com/wpc_properties.asp?IndexID=7887
8486	9527	Rural Health	261QR1300X	http://codelists.wpc-edi.com/wpc_properties.asp?IndexID=7888
8486	9532	Sleep Disorder Diagnostic	261QS1200X	http://codelists.wpc-edi.com/wpc_properties.asp?IndexID=7892
8486	9537	Student Health	261QS1000X	http://codelists.wpc-edi.com/wpc_properties.asp?IndexID=7891
8486	9542	Urgent Care	261QU0200X	http://codelists.wpc-edi.com/wpc_properties.asp?IndexID=7893
8486	9547	VA	261QV0200X	http://codelists.wpc-edi.com/wpc_properties.asp?IndexID=7894
9552	9558	Epilepsy Unit	273100000X	http://codelists.wpc-edi.com/wpc_properties.asp?IndexID=10251
9552	9563	Medicare Defined Swing Bed Unit	275N00000X	http://codelists.wpc-edi.com/wpc_properties.asp?IndexID=8187
9552	9568	Psychiatric Unit	273R00000X	http://codelists.wpc-edi.com/wpc_properties.asp?IndexID=8147
10312	10323	Community Based Residential Treatment Facility, Mental Retardation and/or Developmental Disabilities	320900000X	http://codelists.wpc-edi.com/wpc_properties.asp?IndexID=9033
10312	10328	Psychiatric Residential Treatment Facility	323P00000X	http://codelists.wpc-edi.com/wpc_properties.asp?IndexID=8145
10312	10333	Residential Treatment Facility, Emotionally Disturbed Children	322D00000X	http://codelists.wpc-edi.com/wpc_properties.asp?IndexID=8235
10312	10338	Residential Treatment Facility, Mental Retardation and/or Developmental Disabilities	320600000X	http://codelists.wpc-edi.com/wpc_properties.asp?IndexID=9030
10312	10343	Residential Treatment Facility, Physical Disabilities	320700000X	http://codelists.wpc-edi.com/wpc_properties.asp?IndexID=9031
10312	10348	Substance Abuse Rehabilitation Facility	324500000X	http://codelists.wpc-edi.com/wpc_properties.asp?IndexID=8158
10348	10354	Substance Abuse Treatment, Children	3245S0500X	http://codelists.wpc-edi.com/wpc_properties.asp?IndexID=9034
10359	10365	Respite Care	385H00000X	http://codelists.wpc-edi.com/wpc_properties.asp?IndexID=10160
10365	10371	Respite Care Camp	385HR2050X	http://codelists.wpc-edi.com/wpc_properties.asp?IndexID=9020
10365	10376	Respite Care, Mental Illness, Child	385HR2055X	http://codelists.wpc-edi.com/wpc_properties.asp?IndexID=9021
10365	10381	Respite Care, Mental Retardation and/or Developmental Disabilities	385HR2060X	http://codelists.wpc-edi.com/wpc_properties.asp?IndexID=9022
10365	10386	Respite Care, Physical Disabilities, Child	385HR2065X	http://codelists.wpc-edi.com/wpc_properties.asp?IndexID=9023
10391	10397	Blood Bank	331L00000X	http://codelists.wpc-edi.com/wpc_properties.asp?IndexID=8236
10391	10402	Department of Veterans Affairs (VA) Pharmacy	332100000X	http://codelists.wpc-edi.com/wpc_properties.asp?IndexID=10181
10391	10407	Durable Medical Equipment & Medical Supplies	332B00000X	http://codelists.wpc-edi.com/wpc_properties.asp?IndexID=8108
10391	10438	Emergency Response System Companies	333300000X	http://codelists.wpc-edi.com/wpc_properties.asp?IndexID=10252
10391	10443	Eye Bank	332G00000X	http://codelists.wpc-edi.com/wpc_properties.asp?IndexID=8237
10391	10448	Eyewear Supplier (Equipment, not the service)	332H00000X	http://codelists.wpc-edi.com/wpc_properties.asp?IndexID=8238
10391	10453	Hearing Aid Equipment	332S00000X	http://codelists.wpc-edi.com/wpc_properties.asp?IndexID=8239
10391	10458	Home Delivered Meals	332U00000X	http://codelists.wpc-edi.com/wpc_properties.asp?IndexID=8130
10391	10463	Indian Health Service/Tribal/Urban Indian Health (I/T/U) Pharmacy	332800000X	http://codelists.wpc-edi.com/wpc_properties.asp?IndexID=10182
7671	7682	Coding Specialist, Physician Office Based	246YC3302X	http://codelists.wpc-edi.com/wpc_properties.asp?IndexID=7806
7671	7687	Registered Record Administrator	246YR1600X	http://codelists.wpc-edi.com/wpc_properties.asp?IndexID=7807
7692	7698	Art, Medical	246ZA2600X	http://codelists.wpc-edi.com/wpc_properties.asp?IndexID=7808
7692	7703	Biochemist	246ZB0500X	http://codelists.wpc-edi.com/wpc_properties.asp?IndexID=7811
7692	7708	Biomedical Engineering	246ZB0301X	http://codelists.wpc-edi.com/wpc_properties.asp?IndexID=7809
7692	7713	Biomedical Photographer	246ZB0302X	http://codelists.wpc-edi.com/wpc_properties.asp?IndexID=7810
7692	7718	Biostatistician	246ZB0600X	http://codelists.wpc-edi.com/wpc_properties.asp?IndexID=7812
7692	7723	Certified First Assistant	246ZC0007X	http://codelists.wpc-edi.com/wpc_properties.asp?IndexID=10249
7692	7728	EEG	246ZE0500X	http://codelists.wpc-edi.com/wpc_properties.asp?IndexID=7813
7692	7733	Electroneurodiagnostic	246ZE0600X	http://codelists.wpc-edi.com/wpc_properties.asp?IndexID=7814
7692	7738	Geneticist, Medical (PhD)	246ZG1000X	http://codelists.wpc-edi.com/wpc_properties.asp?IndexID=7817
7692	7743	Graphics Methods	246ZG0701X	http://codelists.wpc-edi.com/wpc_properties.asp?IndexID=7816
7692	7748	Illustration, Medical	246ZI1000X	http://codelists.wpc-edi.com/wpc_properties.asp?IndexID=7818
7692	8253	Nephrology	246ZN0300X	http://codelists.wpc-edi.com/wpc_properties.asp?IndexID=7819
7692	8258	Surgical	246ZS0400X	http://codelists.wpc-edi.com/wpc_properties.asp?IndexID=7820
8263	8269	Blood Banking	246QB0000X	http://codelists.wpc-edi.com/wpc_properties.asp?IndexID=7774
8263	8274	Chemistry	246QC1000X	http://codelists.wpc-edi.com/wpc_properties.asp?IndexID=7775
8263	8279	Cytotechnology	246QC2700X	http://codelists.wpc-edi.com/wpc_properties.asp?IndexID=7776
8263	8284	Hemapheresis Practitioner	246QH0401X	http://codelists.wpc-edi.com/wpc_properties.asp?IndexID=7778
8263	8289	Hematology	246QH0000X	http://codelists.wpc-edi.com/wpc_properties.asp?IndexID=7777
8263	8294	Histology	246QH0600X	http://codelists.wpc-edi.com/wpc_properties.asp?IndexID=7779
8263	8299	Immunology	246QI0000X	http://codelists.wpc-edi.com/wpc_properties.asp?IndexID=7780
8263	8304	Laboratory Management	246QL0900X	http://codelists.wpc-edi.com/wpc_properties.asp?IndexID=7781
8263	8309	Laboratory Management, Diplomate	246QL0901X	http://codelists.wpc-edi.com/wpc_properties.asp?IndexID=7783
8263	8314	Medical Technologist	246QM0706X	http://codelists.wpc-edi.com/wpc_properties.asp?IndexID=7987
8263	8319	Microbiology	246QM0900X	http://codelists.wpc-edi.com/wpc_properties.asp?IndexID=7782
8329	8335	Assistant Record Technician	2470A2800X	http://codelists.wpc-edi.com/wpc_properties.asp?IndexID=7822
8340	8346	Biomedical Engineering	2472B0301X	http://codelists.wpc-edi.com/wpc_properties.asp?IndexID=7837
8340	8351	Darkroom	2472D0500X	http://codelists.wpc-edi.com/wpc_properties.asp?IndexID=7838
8340	8356	EEG	2472E0500X	http://codelists.wpc-edi.com/wpc_properties.asp?IndexID=7839
8340	8361	Renal Dialysis	2472R0900X	http://codelists.wpc-edi.com/wpc_properties.asp?IndexID=7840
8340	8366	Veterinary	2472V0600X	http://codelists.wpc-edi.com/wpc_properties.asp?IndexID=7841
8371	8377	Clinical Laboratory Director, Non-physician	247ZC0005X	http://codelists.wpc-edi.com/wpc_properties.asp?IndexID=10237
8371	8382	Histology	246RH0600X	http://codelists.wpc-edi.com/wpc_properties.asp?IndexID=7785
8371	8387	Medical Laboratory	246RM2200X	http://codelists.wpc-edi.com/wpc_properties.asp?IndexID=7786
8371	8392	Phlebotomy	246RP1900X	http://codelists.wpc-edi.com/wpc_properties.asp?IndexID=7787
8397	8399	Agencies		http://codelists.wpc-edi.com/wpc_properties.asp?IndexID=8098
8397	8480	Ambulatory Health Care Facilities		http://codelists.wpc-edi.com/wpc_properties.asp?IndexID=8100
8397	9552	Hospital Units		http://codelists.wpc-edi.com/wpc_properties.asp?IndexID=8121
8397	9583	Hospitals		http://codelists.wpc-edi.com/wpc_properties.asp?IndexID=8102
8397	9685	Laboratories		http://codelists.wpc-edi.com/wpc_properties.asp?IndexID=8122
8397	9711	Managed Care Organizations		http://codelists.wpc-edi.com/wpc_properties.asp?IndexID=8123
8397	9737	Nursing & Custodial Care Facilities		http://codelists.wpc-edi.com/wpc_properties.asp?IndexID=8124
8397	10312	Residential Treatment Facilities		http://codelists.wpc-edi.com/wpc_properties.asp?IndexID=8125
8397	10359	Respite Care Facility		http://codelists.wpc-edi.com/wpc_properties.asp?IndexID=10155
8397	10391	Suppliers		http://codelists.wpc-edi.com/wpc_properties.asp?IndexID=8107
8397	11049	Transportation Services		http://codelists.wpc-edi.com/wpc_properties.asp?IndexID=8109
8399	8405	Local Education Agency (LEA)	251300000X	http://codelists.wpc-edi.com/wpc_properties.asp?IndexID=10180
8399	8410	Case Management	251B00000X	http://codelists.wpc-edi.com/wpc_properties.asp?IndexID=7842
8399	8415	Community/Behavioral Health	251S00000X	http://codelists.wpc-edi.com/wpc_properties.asp?IndexID=10207
8399	8420	Day Training, Developmentally Disabled Services	251C00000X	http://codelists.wpc-edi.com/wpc_properties.asp?IndexID=10156
8399	8425	Early Intervention Provider Agency	252Y00000X	http://codelists.wpc-edi.com/wpc_properties.asp?IndexID=10250
8399	8430	Foster Care Agency	253J00000X	http://codelists.wpc-edi.com/wpc_properties.asp?IndexID=10257
8399	8435	Home Health	251E00000X	http://codelists.wpc-edi.com/wpc_properties.asp?IndexID=7843
8399	8440	Home Infusion	251F00000X	http://codelists.wpc-edi.com/wpc_properties.asp?IndexID=7844
8399	8445	Hospice Care, Community Based	251G00000X	http://codelists.wpc-edi.com/wpc_properties.asp?IndexID=7845
8399	8450	In Home Supportive Care	253Z00000X	http://codelists.wpc-edi.com/wpc_properties.asp?IndexID=10271
8399	8455	Nursing Care	251J00000X	http://codelists.wpc-edi.com/wpc_properties.asp?IndexID=7846
8399	8460	Program of All-Inclusive Care for the Elderly (PACE) Provider Organization	251T00000X	http://codelists.wpc-edi.com/wpc_properties.asp?IndexID=10208
8399	8465	Public Health or Welfare	251K00000X	http://codelists.wpc-edi.com/wpc_properties.asp?IndexID=7988
